date,total_volume
2022-09-07,187798691308912123846.000000000
2022-09-06,267977002600956076381.000000000
2022-09-05,124457621176178221402.000000000
2022-09-04,80740916596031813082.000000000
2022-09-03,73056346117171211644.000000000
2022-09-02,148438930230464043051.000000000
2022-09-01,122324327211165145560.000000000
2022-08-31,97111482075360298264.000000000
2022-08-30,124265615276687663036.000000000
2022-08-29,113892264065288852213.000000000
2022-08-28,105777151374139407014.000000000
2022-08-27,133386628012856349700.000000000
2022-08-26,143207957916706155129.000000000
2022-08-25,229019018817141029810.000000000
2022-08-24,364956770992606084492.000000000
2022-08-23,110399311215041240799.000000000
2022-08-22,414924105194126729743.000000000
2022-08-21,89443015816482208368.000000000
2022-08-20,151643052485484109785.000000000
2022-08-19,311380463748411803473.000000000
2022-08-18,724583208031661425168.000000000
2022-08-17,464686892168801234326.000000000
2022-08-16,165091848392540494316.000000000
2022-08-15,238891977949454024285.000000000
2022-08-14,258369577316192427099.000000000
2022-08-13,194623979790482082539.000000000
2022-08-12,259981560717157634480.000000000
2022-08-11,320629032175770508535.000000000
2022-08-10,195437219550572610858.000000000
2022-08-09,187017332111697042978.000000000
2022-08-08,135164423624634756785.000000000
2022-08-07,171807129778511336780.000000000
2022-08-06,485695770227688260192.000000000
2022-08-05,164128592876013280314.000000000
2022-08-04,107413847418556717872.000000000
2022-08-03,151060083829049315344.000000000
2022-08-02,177592444729973670609.000000000
2022-08-01,136769342860312490904.000000000
2022-07-31,416919129908582948984.000000000
2022-07-30,6935982921308553629.000000000
2022-07-29,283391119287508803125.000000000
2022-07-28,535739827026518625476.000000000
2022-07-27,211234816774915114789.000000000
2022-07-26,389736337602599124704.000000000
2022-07-25,427388099669252094229.000000000
2022-07-24,87060860888181694124.000000000
2022-07-23,126671458669611626522.000000000
2022-07-22,304344681303347902899.000000000
2022-07-21,126306488571504085612.000000000
2022-07-20,503909949558841896178.000000000
2022-07-19,483098585510712614132.000000000
2022-07-18,234412278904469719921.000000000
2022-07-17,132483698885772422054.000000000
2022-07-16,143515205353245227919.000000000
2022-07-15,196768738442181473032.000000000
2022-07-14,403713436527583634032.000000000
2022-07-13,236666218581578251350.000000000
2022-07-12,239110490871500384725.000000000
2022-07-11,169859691762040857287.000000000
2022-07-10,111414098510875666785.000000000
2022-07-09,129558374940450601316.000000000
2022-07-08,294024212187462107967.000000000
2022-07-07,227324705288214506071.000000000
2022-07-06,176355662491940374806.000000000
2022-07-05,275968061879672889371.000000000
2022-07-04,167562632346109865382.000000000
2022-07-03,156541703221614863860.000000000
2022-07-02,246698378290394435455.000000000
2022-07-01,420336047835732632155.000000000
2022-06-30,439292663250109503602.000000000
2022-06-29,355884213692502962938.000000000
2022-06-28,461095831936362025060.000000000
2022-06-27,363758997472276840474.000000000
2022-06-26,446469423432687331254.000000000
2022-06-25,626285220534530661597.000000000
2022-06-24,906538207367704937281.000000000
2022-06-23,297932541119933329554.000000000
2022-06-22,389895878314209138507.000000000
2022-06-21,1169123704429136895763.000000000
2022-06-20,321403495839526995847.000000000
2022-06-19,193710644928608583781.000000000
2022-06-18,337217646805853313042.000000000
2022-06-17,257045047796778047595.000000000
2022-06-16,366565166580522121979.000000000
2022-06-15,316000025307387893660.000000000
2022-06-14,500818214064457162326.000000000
2022-06-13,531600066512989815355.000000000
2022-06-12,197349288318377543392.000000000
2022-06-11,250805494098123727354.000000000
2022-06-10,327665516158908108006.000000000
2022-06-09,164668070704952411819.000000000
2022-06-08,199428586400157605443.000000000
2022-06-07,317485692036452582080.000000000
2022-06-06,393554614277833125399.000000000
2022-06-05,153693483513011565504.000000000
2022-06-04,118588047084216018954.000000000
2022-06-03,317537392636154791982.000000000
2022-06-02,326323186348486521327.000000000
2022-06-01,517308184722424311612.000000000
2022-05-31,572895343512707865368.000000000
2022-05-30,271803952801689152756.000000000
2022-05-29,394533432204818391680.000000000
2022-05-28,203635955528495094116.000000000
2022-05-27,333065061550001172161.000000000
2022-05-26,461171841227195040161.000000000
2022-05-25,178809609496189879892.000000000
2022-05-24,588479765277357678661.000000000
2022-05-23,628933073480399184782.000000000
2022-05-22,660901026671848322267.000000000
2022-05-21,220468595197485584108.000000000
2022-05-20,462413010627498482114.000000000
2022-05-19,480496080442033413507.000000000
2022-05-18,368470414075566087814.000000000
2022-05-17,343455950832818589952.000000000
2022-05-16,247179619721758186324.000000000
2022-05-15,177922856376211908133.000000000
2022-05-14,328174129566756661571.000000000
2022-05-13,780383571489873324166.000000000
2022-05-12,837511755591556910634.000000000
2022-05-11,829989102656737627451.000000000
2022-05-10,736198695944086309596.000000000
2022-05-09,436113655298119293949.000000000
2022-05-08,419476363675241618400.000000000
2022-05-07,509866725502550899707.000000000
2022-05-06,680587086611879216751.000000000
2022-05-05,1001243729373098411705.000000000
2022-05-04,486423066389916551605.000000000
2022-05-03,208018908574519991729.000000000
2022-05-02,274997247445429199368.000000000
2022-05-01,351331235891690177481.000000000
2022-04-30,369236264853513284857.000000000
2022-04-29,530310706691853801325.000000000
2022-04-28,605552846071292587043.000000000
2022-04-27,474511385260949773668.000000000
2022-04-26,632169052670211049545.000000000
2022-04-25,555671625959452422481.000000000
2022-04-24,286088865105395995478.000000000
2022-04-23,201033089466682076646.000000000
2022-04-22,361710137903117726018.000000000
2022-04-21,811433452458493937989.000000000
2022-04-20,922178527644179480542.000000000
2022-04-19,468521175259307175910.000000000
2022-04-18,330301107240134200066.000000000
2022-04-17,359639760799828480010.000000000
2022-04-16,216343416868022970223.000000000
2022-04-15,449264817550835878600.000000000
2022-04-14,553051114843547263960.000000000
2022-04-13,367103743369095537817.000000000
2022-04-12,540052300978551523852.000000000
2022-04-11,670427717019269040555.000000000
2022-04-10,416680169760189151203.000000000
2022-04-09,631316992834476650039.000000000
2022-04-08,544427408545735034746.000000000
2022-04-07,391834798763543000487.000000000
2022-04-06,724543982215861041714.000000000
2022-04-05,614753541206698959556.000000000
2022-04-04,732900277753479905835.000000000
2022-04-03,712809617564841699640.000000000
2022-04-02,733218330917214237910.000000000
2022-04-01,1882026808757142183815.000000000
2022-03-31,2076209655969587966897.000000000
2022-03-30,2133508415242686053820.000000000
2022-03-29,726747474632008436317.000000000
2022-03-28,1222733174837836949916.000000000
2022-03-27,1574739013714264115788.000000000
2022-03-26,1474428907325571419336.000000000
2022-03-25,157014393889993758090.000000000
2022-03-24,175250328624576847143.000000000
2022-03-23,292288418387784819343.000000000
2022-03-22,166675015289529194429.000000000
2022-03-21,136530588160375804948.000000000
2022-03-20,96015059711274420930.000000000
2022-03-19,102731999669188351344.000000000
2022-03-18,119720228396707109191.000000000
2022-03-17,127171093836463276283.000000000
2022-03-16,110691117369012540249.000000000
2022-03-15,121483256508029490817.000000000
2022-03-14,120970115604255969821.000000000
2022-03-13,132046296947175439709.000000000
2022-03-12,117869260467438537318.000000000
2022-03-11,284163845979097691870.000000000
2022-03-10,1990503505600811645996.000000000
2022-03-09,229271044155683571206.000000000
2022-03-08,179331390017324338464.000000000
2022-03-07,161131253703587357634.000000000
2022-03-06,129116982691333382191.000000000
2022-03-05,72680056086540082236.000000000
2022-03-04,138965669499328205603.000000000
2022-03-03,190080583790843451467.000000000
2022-03-02,175229131398321979853.000000000
2022-03-01,396980384613085131690.000000000
2022-02-28,224585010640184241578.000000000
2022-02-27,189680362427450755176.000000000
2022-02-26,187428369143755905788.000000000
2022-02-25,164063560601043055881.000000000
2022-02-24,291561762592700659397.000000000
2022-02-23,239778489114827589960.000000000
2022-02-22,271158659461973646824.000000000
2022-02-21,159887390888298382341.000000000
2022-02-20,114701815658448301813.000000000
2022-02-19,112174704111239588112.000000000
2022-02-18,132517982332653386273.000000000
2022-02-17,137566101333844977377.000000000
2022-02-16,123362886316360906805.000000000
2022-02-15,106722837515884680802.000000000
2022-02-14,181535352690474666955.000000000
2022-02-13,103789003540837459711.000000000
2022-02-12,142807098905199718596.000000000
2022-02-11,170631283210529657874.000000000
2022-02-10,141876646181153761404.000000000
2022-02-09,192133366169232560118.000000000
2022-02-08,369728477169706414160.000000000
2022-02-07,254461790713601886961.000000000
2022-02-06,167350147492311104371.000000000
2022-02-05,200996766802383340236.000000000
2022-02-04,448887168919681645493.000000000
2022-02-03,249195581369242042464.000000000
2022-02-02,142781509653566300793.000000000
2022-02-01,246779392516934457562.000000000
2022-01-31,185268938070026751159.000000000
2022-01-30,147489093862417413918.000000000
2022-01-29,126737824395119709856.000000000
2022-01-28,171471591399081370370.000000000
2022-01-27,206894538758602832125.000000000
2022-01-26,635352997061741076972.000000000
2022-01-25,298554327837781218199.000000000
2022-01-24,232688384685423025709.000000000
2022-01-23,260232743592037066788.000000000
2022-01-22,305143657032526836500.000000000
2022-01-21,390172226826351951243.000000000
2022-01-20,379993629236321984348.000000000
2022-01-19,276128942129463998349.000000000
2022-01-18,140843550511352538393.000000000
2022-01-17,160237148906342724189.000000000
2022-01-16,163517853138791829920.000000000
2022-01-15,159128494366660777881.000000000
2022-01-14,158788602772625217280.000000000
2022-01-13,282571869207121148060.000000000
2022-01-12,189011510734831484199.000000000
2022-01-11,121566838432416937481.000000000
2022-01-10,295597257273314350313.000000000
2022-01-09,153245408788585298946.000000000
2022-01-08,163988912880082695956.000000000
2022-01-07,327587546762696814265.000000000
2022-01-06,279266088339282253697.000000000
2022-01-05,351648781926501582725.000000000
2022-01-04,222184924581104637299.000000000
2022-01-03,161276267340821733102.000000000
2022-01-02,202556287120595882875.000000000
2022-01-01,514911713875367322907.000000000
2021-12-31,543898534141403894313.000000000
2021-12-30,445018397795751797520.000000000
2021-12-29,305462178249017358600.000000000
2021-12-28,242725655739863143027.000000000
2021-12-27,497534294041870828038.000000000
2021-12-26,143160275605503007483.000000000
2021-12-25,161329494507264699409.000000000
2021-12-24,274231089273678382590.000000000
2021-12-23,253833354601200423510.000000000
2021-12-22,305877100046967307472.000000000
2021-12-21,156009906844364602317.000000000
2021-12-20,162061631458882792333.000000000
2021-12-19,266484069117114357718.000000000
2021-12-18,420443611596337846263.000000000
2021-12-17,118718974443907095667.000000000
2021-12-16,153826613943184530909.000000000
2021-12-15,169237832426582058945.000000000
2021-12-14,178409368633569789764.000000000
2021-12-13,183279501900650507337.000000000
2021-12-12,117040436457595248223.000000000
2021-12-11,199978306952577129710.000000000
2021-12-10,232183003252727465452.000000000
2021-12-09,322818350265832950264.000000000
2021-12-08,279526594919362727310.000000000
2021-12-07,273880319402462854377.000000000
2021-12-06,793714293327245691392.000000000
2021-12-05,213911507626211624568.000000000
2021-12-04,430793214109334959311.000000000
2021-12-03,228564449633217335658.000000000
2021-12-02,189807379122871346097.000000000
2021-12-01,171694274729249202672.000000000
2021-11-30,223925180567796558958.000000000
2021-11-29,1362316163991915707544.000000000
2021-11-28,155245754874633884566.000000000
2021-11-27,128965517034494416855.000000000
2021-11-26,491531768712644816092.000000000
2021-11-25,267220117327747688320.000000000
2021-11-24,218320481418889649123.000000000
2021-11-23,168866564697998358742.000000000
2021-11-22,227338345327226533493.000000000
2021-11-21,165328974547670589964.000000000
2021-11-20,154573350105982638778.000000000
2021-11-19,268980179923093019442.000000000
2021-11-18,393523138988108051385.000000000
2021-11-17,346858152703663092202.000000000
2021-11-16,327652242397354339605.000000000
2021-11-15,216848281766105742728.000000000
2021-11-14,211689523019292769703.000000000
2021-11-13,165088918557851071584.000000000
2021-11-12,314198582922025294956.000000000
2021-11-11,244333003947444754975.000000000
2021-11-10,358323553345046245668.000000000
2021-11-09,404468550191802747667.000000000
2021-11-08,235196953196887205695.000000000
2021-11-07,220142984703786402812.000000000
2021-11-06,152715800994315218939.000000000
2021-11-05,322242385318808409504.000000000
2021-11-04,278813066136713321422.000000000
2021-11-03,248182723044120436472.000000000
2021-11-02,252506926691073522219.000000000
2021-11-01,344764182148906045206.000000000
2021-10-31,722938802478995691700.000000000
2021-10-30,284411738182613764495.000000000
2021-10-29,206708850035186104535.000000000
2021-10-28,264047847365562039938.000000000
2021-10-27,394011660965317141427.000000000
2021-10-26,260275441190186922855.000000000
2021-10-25,487693352039710632930.000000000
2021-10-24,207303258634680829335.000000000
2021-10-23,266508324652262139615.000000000
2021-10-22,555105973066428440982.000000000
2021-10-21,234914847060328626752.000000000
2021-10-20,278132127281904524809.000000000
2021-10-19,197598839314249041435.000000000
2021-10-18,170594265330442593468.000000000
2021-10-17,146692827907417770914.000000000
2021-10-16,262344864253122456226.000000000
2021-10-15,309094249669194431014.000000000
2021-10-14,183598379164255399788.000000000
2021-10-13,199517153579403017969.000000000
2021-10-12,191822722686040682908.000000000
2021-10-11,163753854679323312645.000000000
2021-10-10,174752382810487451531.000000000
2021-10-09,187418103685811698470.000000000
2021-10-08,260981977511381839765.000000000
2021-10-07,582720079694770820204.000000000
2021-10-06,521136299014067929867.000000000
2021-10-05,320089067855829146146.000000000
2021-10-04,177966176326369227929.000000000
2021-10-03,370954662905751536676.000000000
2021-10-02,252500874085395285972.000000000
2021-10-01,570414515704520944794.000000000
2021-09-30,314254197756908249211.000000000
2021-09-29,260248180092986589371.000000000
2021-09-28,199834360233179449538.000000000
2021-09-27,265988249579707171361.000000000
2021-09-26,220888760174738232192.000000000
2021-09-25,137691698975342453265.000000000
2021-09-24,449411757264156357856.000000000
2021-09-23,362711713530364649076.000000000
2021-09-22,176824445430946974966.000000000
2021-09-21,1330652405607339482188.000000000
2021-09-20,312747920722435691615.000000000
2021-09-19,78620695472501870193.000000000
2021-09-18,108572082918412720923.000000000
2021-09-17,203819890817950007026.000000000
2021-09-16,208305454246416358199.000000000
2021-09-15,267566868871042534365.000000000
2021-09-14,133585518961587134097.000000000
2021-09-13,303540514719035498230.000000000
2021-09-12,163803692635511049462.000000000
2021-09-11,136192027570616213000.000000000
2021-09-10,324324091773392545744.000000000
2021-09-09,200242795683602149252.000000000
2021-09-08,272446599074693406677.000000000
2021-09-07,529268785342464794247.000000000
2021-09-06,171851705611978948600.000000000
2021-09-05,156689203216845601584.000000000
2021-09-04,118651165213879008841.000000000
2021-09-03,171410363848117953411.000000000
2021-09-02,360139151674169623963.000000000
2021-09-01,50422389740045061896.000000000
2021-08-31,43012453750044647806.000000000
2021-08-30,20861252943816156035.000000000
2021-08-29,131963750843819478396.000000000
2021-08-28,146274345963791446512.000000000
2021-08-27,225242217410796591512.000000000
2021-08-26,241384151255581087230.000000000
2021-08-25,275703991367611710963.000000000
2021-08-24,299823015142440220020.000000000
2021-08-23,483747568880538248425.000000000
2021-08-22,140108219092501640985.000000000
2021-08-21,287913437211450601102.000000000
2021-08-20,183121888487475704913.000000000
2021-08-19,192915397610380218883.000000000
2021-08-18,121254887826166892314.000000000
2021-08-17,168517843448905330810.000000000
2021-08-16,235103578562511940839.000000000
2021-08-15,116304153283734247793.000000000
2021-08-14,301358465447063421166.000000000
2021-08-13,236729416515944154195.000000000
2021-08-12,185296647237457700351.000000000
2021-08-11,314768228358512228926.000000000
2021-08-10,349387814006673789551.000000000
2021-08-09,220895785322159354575.000000000
2021-08-08,163188194797935726766.000000000
2021-08-07,314285208705943438688.000000000
2021-08-06,232200173317380529030.000000000
2021-08-05,183738590902192355272.000000000
2021-08-04,113000704638232662693.000000000
2021-08-03,140157708726230811276.000000000
2021-08-02,120978041093076580333.000000000
2021-08-01,212491029308635001037.000000000
2021-07-31,283496463163614690344.000000000
2021-07-30,94230689843427516601.000000000
2021-07-29,53791943251203711358.000000000
2021-07-28,173048091531073704084.000000000
2021-07-27,190275150016235045427.000000000
2021-07-26,526141168316370753944.000000000
2021-07-25,336105696746088591201.000000000
2021-07-24,148536479837713834472.000000000
2021-07-23,111210499329312642860.000000000
2021-07-22,105727274726633269529.000000000
2021-07-21,197988959163689630183.000000000
2021-07-20,208532241311141290930.000000000
2021-07-19,170646055774584364959.000000000
2021-07-18,64659502000915389250.000000000
2021-07-17,133455490350772439559.000000000
2021-07-16,152098576437353827559.000000000
2021-07-15,217072804224283254030.000000000
2021-07-14,32140684437989965779.000000000
2021-07-13,91970102583825562313.000000000
2021-07-12,113443589216914579049.000000000
2021-07-11,102259850128305850760.000000000
2021-07-10,91133161420082715315.000000000
2021-07-09,140176682876674810960.000000000
2021-07-08,120953009140857729504.000000000
2021-07-07,219535978014841433000.000000000
2021-07-06,176484302780323498310.000000000
2021-07-05,171726551656705183164.000000000
2021-07-04,182629683114202937364.000000000
2021-07-03,110203633148400967383.000000000
2021-07-02,191950705602679498803.000000000
2021-07-01,176224482490837162450.000000000
2021-06-30,234655474662843798382.000000000
2021-06-29,399548798846251181073.000000000
2021-06-28,470638547895761036528.000000000
2021-06-27,119129518915110121245.000000000
2021-06-26,119249240514924440612.000000000
2021-06-25,104709799452205998438.000000000
2021-06-24,138145021578317781490.000000000
2021-06-23,143121671178240467422.000000000
2021-06-22,242694933432660641734.000000000
2021-06-21,219920360726343817921.000000000
2021-06-20,97922687909400018657.000000000
2021-06-19,127440963207478204129.000000000
2021-06-18,144135975351681796666.000000000
2021-06-17,39719304311397597012.000000000
2021-06-16,145887711617823495242.000000000
2021-06-15,135050534193367674422.000000000
2021-06-14,116598609312355368211.000000000
2021-06-13,124416294769676030030.000000000
2021-06-12,134223720361191892928.000000000
2021-06-11,233690265234999297172.000000000
2021-06-10,149407023750518653795.000000000
2021-06-09,187060984654289962786.000000000
2021-06-08,701777830399504274096.000000000
2021-06-07,179422449845256263179.000000000
2021-06-06,232084159984026075143.000000000
2021-06-05,142973507685575882311.000000000
2021-06-04,343225162399960222501.000000000
2021-06-03,979118759535637896168.000000000
2021-06-02,247913925905441672981.000000000
2021-06-01,157321877054428469046.000000000
2021-05-31,125243554453021324838.000000000
2021-05-30,163588187419411645943.000000000
2021-05-29,290205176224735724696.000000000
2021-05-28,359531126054430933994.000000000
2021-05-27,230723082773570177236.000000000
2021-05-26,309398854220152848343.000000000
2021-05-25,229600297065797778766.000000000
2021-05-24,288345284245069943240.000000000
2021-05-23,140374104677867742769.000000000
2021-05-22,42212141212163636919.000000000
2021-05-21,59351724505336002964.000000000
2021-05-20,159351883070056830923.000000000
2021-05-19,445822893883906755048.000000000
2021-05-18,206894932319603106179.000000000
2021-05-17,133641342519405040002.000000000
2021-05-16,103073843095966529815.000000000
2021-05-15,111362117824468375983.000000000
2021-05-14,94875150670725329336.000000000
2021-05-13,109217241366819199981.000000000
2021-05-12,96049245144623519131.000000000
2021-05-11,44239449728770670260.000000000
2021-05-10,205458418136246583024.000000000
2021-05-09,203380980450530941041.000000000
2021-05-08,137128865051566474015.000000000
2021-05-07,322162051408295689718.000000000
2021-05-06,424647280116003922712.000000000
2021-05-05,308971473890830415331.000000000
2021-05-04,232614409143209070624.000000000
2021-05-03,190136471616115132807.000000000
2021-05-02,247467005283153393842.000000000
2021-05-01,295651457025202632984.000000000
2021-04-30,305776916657962965524.000000000
2021-04-29,618121306517892263674.000000000
2021-04-28,397376432770947850479.000000000
2021-04-27,502568739536336696622.000000000
2021-04-26,260172520978920067552.000000000
2021-04-25,172677671623705944722.000000000
2021-04-24,138222091817762130955.000000000
2021-04-23,385338947675026438568.000000000
2021-04-22,253236493320250515314.000000000
2021-04-21,256249840797573244637.000000000
2021-04-20,247855735955790041485.000000000
2021-04-19,334508687677156227813.000000000
2021-04-18,261783921822082302928.000000000
2021-04-17,364649416625619306166.000000000
2021-04-16,277714007421401904467.000000000
2021-04-15,263973856106543161890.000000000
2021-04-14,263563892942787439764.000000000
2021-04-13,291218366800087957921.000000000
2021-04-12,238781063696738078455.000000000
2021-04-11,112584516657951244773.000000000
2021-04-10,196431807138275251885.000000000
2021-04-09,238163415088531439160.000000000
2021-04-08,300480870577283069563.000000000
2021-04-07,404657933978172877418.000000000
2021-04-06,323685547241604650800.000000000
2021-04-05,326970666654627619043.000000000
2021-04-04,413571450749448926928.000000000
2021-04-03,206351322581980380717.000000000
2021-04-02,354207420029017483314.000000000
2021-04-01,193009291203117213774.000000000
2021-03-31,314157738749770154057.000000000
2021-03-30,229945812476069660043.000000000
2021-03-29,241467023958370567129.000000000
2021-03-28,195075051963214147302.000000000
2021-03-27,217853700360980986167.000000000
2021-03-26,190205129859827177521.000000000
2021-03-25,310603574329458629902.000000000
2021-03-24,303102352339873190449.000000000
2021-03-23,308039432561712426093.000000000
2021-03-22,240404540219282771605.000000000
2021-03-21,253520751976779057227.000000000
2021-03-20,245220565658256587802.000000000
2021-03-19,294579000944851309381.000000000
2021-03-18,473397061535936057239.000000000
2021-03-17,468326375710355590370.000000000
2021-03-16,188341849715790139764.000000000
2021-03-15,230075226645793665348.000000000
2021-03-14,283179895944411544152.000000000
2021-03-13,251123636080255096718.000000000
2021-03-12,440974549773714786557.000000000
2021-03-11,610975920876844092237.000000000
2021-03-10,313547960951887975728.000000000
2021-03-09,233545981918149565459.000000000
2021-03-08,196338063203511614735.000000000
2021-03-07,157602347773786204329.000000000
2021-03-06,148288185332520899991.000000000
2021-03-05,209035844489122317238.000000000
2021-03-04,267323479833099841401.000000000
2021-03-03,256202836519630079030.000000000
2021-03-02,225126163988551987584.000000000
2021-03-01,216249550637140584154.000000000
2021-02-28,185062197887323298523.000000000
2021-02-27,168133590976265091652.000000000
2021-02-26,211952607306863949493.000000000
2021-02-25,303445369167344820054.000000000
2021-02-24,337987184395276793839.000000000
2021-02-23,281023471777322968456.000000000
2021-02-22,349504994080161867550.000000000
2021-02-21,229896109556709056843.000000000
2021-02-20,213065564139304034457.000000000
2021-02-19,179572923359961880743.000000000
2021-02-18,213449631058036911464.000000000
2021-02-17,331450317423206555107.000000000
2021-02-16,271983475819989559106.000000000
2021-02-15,180468844704941108226.000000000
2021-02-14,183214325923777500187.000000000
2021-02-13,266461110785489682153.000000000
2021-02-12,175811396371506623210.000000000
2021-02-11,212130590201582006630.000000000
2021-02-10,381278301592587182521.000000000
2021-02-09,352400934409867879186.000000000
2021-02-08,164148306899392280832.000000000
2021-02-07,141115451447074525375.000000000
2021-02-06,73880709051123905770.000000000
2021-02-05,140730680956650450448.000000000
2021-02-04,152161833585011188195.000000000
2021-02-03,81603129139823779118.000000000
2021-02-02,192205773135014865908.000000000
2021-02-01,187676784453797565781.000000000
2021-01-31,232575591812960493264.000000000
2021-01-30,241449384829650234786.000000000
2021-01-29,221299223545743591020.000000000
2021-01-28,118152424457657656293.000000000
2021-01-27,150216222864531654983.000000000
2021-01-26,174914937763917868488.000000000
2021-01-25,231822548493816030597.000000000
2021-01-24,153728479608322605046.000000000
2021-01-23,123892969762267694997.000000000
2021-01-22,202998937405522405630.000000000
2021-01-21,193819999566861702408.000000000
2021-01-20,250562230977412775546.000000000
2021-01-19,206075680671662851149.000000000
2021-01-18,196935025968559312416.000000000
2021-01-17,189545890326994884678.000000000
2021-01-16,169960297433083481920.000000000
2021-01-15,229020636175620849614.000000000
2021-01-14,194428592890049938529.000000000
2021-01-13,341500059966649160079.000000000
2021-01-12,228288153594485810583.000000000
2021-01-11,333990538037958066244.000000000
2021-01-10,178398438669456931971.000000000
2021-01-09,225417652185024503007.000000000
2021-01-08,217927053739414112590.000000000
2021-01-07,186298157105717732345.000000000
2021-01-06,253001314554138111264.000000000
2021-01-05,252864012519755232068.000000000
2021-01-04,302852113922635456359.000000000
2021-01-03,224169482857051635615.000000000
2021-01-02,144529999605688217587.000000000
2021-01-01,162840596262340934979.000000000
2020-12-31,477316634603228973602.000000000
2020-12-30,213054947522720323544.000000000
2020-12-29,207075748944072631428.000000000
2020-12-28,312391927291411981011.000000000
2020-12-27,341935878806000590865.000000000
2020-12-26,189780087525097211816.000000000
2020-12-25,73152861654002934624.000000000
2020-12-24,301737136902657566646.000000000
2020-12-23,630974221332101245782.000000000
2020-12-22,353035367414548710743.000000000
2020-12-21,289536536879224580288.000000000
2020-12-20,266481526558621559700.000000000
2020-12-19,300161484721824124569.000000000
2020-12-18,334870869706460936330.000000000
2020-12-17,338572697418963898203.000000000
2020-12-16,326922179173112520610.000000000
2020-12-15,186356144922555724314.000000000
2020-12-14,184104732499310903807.000000000
2020-12-13,161397115876021060120.000000000
2020-12-12,156724812610173783473.000000000
2020-12-11,230570531600995520756.000000000
2020-12-10,299405273277632410400.000000000
2020-12-09,236732325075090417598.000000000
2020-12-08,290381968097423093711.000000000
2020-12-07,228287114630769850545.000000000
2020-12-06,271335680516707606345.000000000
2020-12-05,198203277086238643355.000000000
2020-12-04,231865203105613794804.000000000
2020-12-03,270581852208974884980.000000000
2020-12-02,240651375285130693580.000000000
2020-12-01,239731720488889422711.000000000
2020-11-30,243049553854850155717.000000000
2020-11-29,206425666191157470608.000000000
2020-11-28,171268114177363658071.000000000
2020-11-27,346905740078889010329.000000000
2020-11-26,447859527696818306739.000000000
2020-11-25,452503787016835173054.000000000
2020-11-24,280928450165170390430.000000000
2020-11-23,215809647531252921286.000000000
2020-11-22,142178345785650771036.000000000
2020-11-21,229367230430169530670.000000000
2020-11-20,123186973641122105584.000000000
2020-11-19,249385898516405192849.000000000
2020-11-18,195957365297128132720.000000000
2020-11-17,275932463225546100178.000000000
2020-11-16,254469643418570154198.000000000
2020-11-15,127297550167831142553.000000000
2020-11-14,213577334989658539358.000000000
2020-11-13,147706467189465060762.000000000
2020-11-12,123074358627133910030.000000000
2020-11-11,181394560503570205986.000000000
2020-11-10,171770646734041316186.000000000
2020-11-09,125556153789708499604.000000000
2020-11-08,102420209301743321582.000000000
2020-11-07,245628101993579645797.000000000
2020-11-06,178548162045657611945.000000000
2020-11-05,229807117898336915972.000000000
2020-11-04,255119535416469795057.000000000
2020-11-03,327675970100498633854.000000000
2020-11-02,987134926227057947218.000000000
2020-11-01,170659021637665939981.000000000
2020-10-31,251744224913156902286.000000000
2020-10-30,2716742318627691543990.000000000
2020-10-29,265294832324687408058.000000000
2020-10-28,311868086102698056489.000000000
2020-10-27,191042000471256402032.000000000
2020-10-26,192678489603304693882.000000000
2020-10-25,179159250294262073153.000000000
2020-10-24,143342805062821089245.000000000
2020-10-23,212912647157605700648.000000000
2020-10-22,453107070766227586116.000000000
2020-10-21,295249423961634604994.000000000
2020-10-20,207450490003820537526.000000000
2020-10-19,715862996570714666484.000000000
2020-10-18,287575402000054724166.000000000
2020-10-17,301937405856077807810.000000000
2020-10-16,715492120192577113331.000000000
2020-10-15,1992536311692835141569.000000000
2020-10-14,1887938480334877461569.000000000
2020-10-13,250895235253019290907.000000000
2020-10-12,204807169912688830515.000000000
2020-10-11,63363438730002934124.000000000
2020-10-10,63115911709639767924.000000000
2020-10-09,24404809464782248916.000000000
2020-10-08,76211509203340191304.000000000
2020-10-07,245298929758217089310.000000000
2020-10-06,272585787747894418649.000000000
2020-10-05,419509822587670546477.000000000
2020-10-04,209744180540970812213.000000000
2020-10-03,223816710842902283591.000000000
2020-10-02,301899697625764002236.000000000
2020-10-01,210414464975439165444.000000000
2020-09-30,263131825580411521895.000000000
2020-09-29,191183943657893499049.000000000
2020-09-28,122085144075469844626.000000000
2020-09-27,95952632259719246936.000000000
2020-09-26,1125514762490769580794.000000000
2020-09-25,133131407196037626536.000000000
2020-09-24,161835624721406501353.000000000
2020-09-23,181314229287354753792.000000000
2020-09-22,131882072973316714270.000000000
2020-09-21,219375974552589905930.000000000
2020-09-20,84922091425450374941.000000000
2020-09-19,89231118893020878508.000000000
2020-09-18,134412315680493252947.000000000
2020-09-17,116117403395073807175.000000000
2020-09-16,143849704757414563532.000000000
2020-09-15,82825994934132060494.000000000
2020-09-14,96038192188297418883.000000000
2020-09-13,70029592727574597004.000000000
2020-09-12,78480762913878061327.000000000
2020-09-11,117941423240501819829.000000000
2020-09-10,132221073821342343736.000000000
2020-09-09,133172508366551880503.000000000
2020-09-08,137314714558172288283.000000000
2020-09-07,163494598332444813289.000000000
2020-09-06,143738548700199562352.000000000
2020-09-05,309124032393770421731.000000000
2020-09-04,381867212935922533167.000000000
2020-09-03,563281510375444263626.000000000
2020-09-02,427680825908948918561.000000000
2020-09-01,426321314353942101475.000000000
2020-08-31,342707165423551499411.000000000
2020-08-30,193888696656714505407.000000000
2020-08-29,123023801351948097519.000000000
2020-08-28,234931910050944318617.000000000
2020-08-27,150677130630623808478.000000000
2020-08-26,129571791413915963730.000000000
2020-08-25,196628592855242048003.000000000
2020-08-24,206760315879067538176.000000000
2020-08-23,168216269252367289810.000000000
2020-08-22,199021663819919042265.000000000
2020-08-21,345755058899956632864.000000000
2020-08-20,108093999094086929158.000000000
2020-08-19,253037428604171156230.000000000
2020-08-18,225138361522550940501.000000000
2020-08-17,220422084119986632256.000000000
2020-08-16,376682710800430852816.000000000
2020-08-15,277132182208530603607.000000000
2020-08-14,277027048028453404272.000000000
2020-08-13,249062279019453706532.000000000
2020-08-12,492406560613666414300.000000000
2020-08-11,377974810256365014230.000000000
2020-08-10,301907767593407628844.000000000
2020-08-09,410386830553500144135.000000000
2020-08-08,563983632377417395495.000000000
2020-08-07,334437099766173888607.000000000
2020-08-06,299405978318452361119.000000000
2020-08-05,179465197039572424062.000000000
2020-08-04,156751094043154088988.000000000
2020-08-03,178161921200947476435.000000000
2020-08-02,295795894392467496730.000000000
2020-08-01,189590089408020688406.000000000
2020-07-31,188276693026174430482.000000000
2020-07-30,434029503507769591269.000000000
2020-07-29,192373413611229249068.000000000
2020-07-28,224198356487148057013.000000000
2020-07-27,328396816636212817982.000000000
2020-07-26,170829747106104156951.000000000
2020-07-25,153187509991542039466.000000000
2020-07-24,182078745675964724319.000000000
2020-07-23,246732796846261822637.000000000
2020-07-22,156688573852737966757.000000000
2020-07-21,146384395740348615974.000000000
2020-07-20,148450490839309109140.000000000
2020-07-19,149206025372625451295.000000000
2020-07-18,153247981789497491860.000000000
2020-07-17,367050870900075355733.000000000
2020-07-16,215130875242968955182.000000000
2020-07-15,89515625792441378310.000000000
2020-07-14,215271824538440354249.000000000
2020-07-13,347532592817327119908.000000000
2020-07-12,94342123714893865201.000000000
2020-07-11,119803409246613245249.000000000
2020-07-10,428756293764235333090.000000000
2020-07-09,261400770488373135731.000000000
2020-07-08,399872416681836366906.000000000
2020-07-07,268599176352227572943.000000000
2020-07-06,195702420200149838632.000000000
2020-07-05,380472417807040782174.000000000
2020-07-04,499610931620495743285.000000000
2020-07-03,315710997078128790885.000000000
2020-07-02,309669499218579535605.000000000
2020-07-01,355993890021494907568.000000000
2020-06-30,179164959108150488883.000000000
2020-06-29,437521051168427196946.000000000
2020-06-28,520825544490392994920.000000000
2020-06-27,347639835943959490535.000000000
2020-06-26,283129339693931201713.000000000
2020-06-25,231921152712181363479.000000000
2020-06-24,451929148060841782334.000000000
2020-06-23,374775309134038067966.000000000
2020-06-22,317966464545727407852.000000000
2020-06-21,446400674205808813721.000000000
2020-06-20,486757115623713429576.000000000
2020-06-19,849411642530120623113.000000000
2020-06-18,1047277263339099737196.000000000
2020-06-17,598054232736834156307.000000000
2020-06-16,468313056840521361288.000000000
2020-06-15,631625909666273588465.000000000
2020-06-14,494805773934852384216.000000000
2020-06-13,592545576748246831253.000000000
2020-06-12,1008047875228504592094.000000000
2020-06-11,970236640788633851826.000000000
2020-06-10,619379579251259378606.000000000
2020-06-09,427107027772836795118.000000000
2020-06-08,468597070453567644112.000000000
2020-06-07,580053859957318823530.000000000
2020-06-06,708723047286443243283.000000000
2020-06-05,806106563122485147020.000000000
2020-06-04,558321211996084315092.000000000
2020-06-03,519097335908990837368.000000000
2020-06-02,801015680150383438232.000000000
2020-06-01,925728099603935749443.000000000
2020-05-31,432783060104455251295.000000000
2020-05-30,331415323413149580400.000000000
2020-05-29,267764888180745908771.000000000
2020-05-28,355765820829225761594.000000000
2020-05-27,384952891630762770348.000000000
2020-05-26,564250520182283145687.000000000
2020-05-25,1054445126194848967881.000000000
2020-05-24,303015781786656619594.000000000
2020-05-23,265566025755736220861.000000000
2020-05-22,417127137112570769801.000000000
2020-05-21,386775965135837407682.000000000
2020-05-20,320793418473917803502.000000000
2020-05-19,372008874783077287962.000000000
2020-05-18,294802553623871183630.000000000
2020-05-17,314782496088434475353.000000000
2020-05-16,295895732194707789804.000000000
2020-05-15,880289148987212411141.000000000
2020-05-14,682907796936002752948.000000000
2020-05-13,1129096899922409433499.000000000
2020-05-12,309525554676573362125.000000000
2020-05-11,415387201701933528982.000000000
2020-05-10,321748577501344427969.000000000
2020-05-09,3568455506026302914795.000000000
2020-05-08,499884569478561707638.000000000
2020-05-07,4234682566897371188957.000000000
2020-05-06,964528498644287823166.000000000
2020-05-05,162220331861803573667.000000000
2020-05-04,977104361063845189648.000000000
2020-05-03,117154075185409574481.000000000
2020-05-02,225977069367853448486.000000000
2020-05-01,321707689146387942280.000000000
2020-04-30,317308816347889290130.000000000
2020-04-29,165980865391611723999.000000000
2020-04-28,292848606857154780746.000000000
2020-04-27,160601151777247067958.000000000
2020-04-26,163557639589779963858.000000000
2020-04-25,161463704931004660679.000000000
2020-04-24,305736058715153442701.000000000
2020-04-23,118274022299192575974.000000000
2020-04-22,142634605263057012756.000000000
2020-04-21,78046793835316604862.000000000
2020-04-20,135204094292191765723.000000000
2020-04-19,38277006277645609035.000000000
2020-04-18,185866693659831859982.000000000
2020-04-17,45750322287780967571.000000000
2020-04-16,76196920810647158296.000000000
2020-04-15,39490581400502264446.000000000
2020-04-14,57541891847447808621.000000000
2020-04-13,143704486702429317243.000000000
2020-04-12,43744182514502819450.000000000
2020-04-11,34597261652100005844.000000000
2020-04-10,99523631819707779665.000000000
2020-04-09,129988402488802933100.000000000
2020-04-08,117644902307285729570.000000000
2020-04-07,288853648232187079662.000000000
2020-04-06,319345414049955767011.000000000
2020-04-05,137952181354732827638.000000000
2020-04-04,29628855685014581697.000000000
2020-04-03,41749045126060977716.000000000
2020-04-02,122941382368730579301.000000000
2020-04-01,57217673611509269414.000000000
2020-03-31,104780484502536147049.000000000
2020-03-30,246546275570256952353.000000000
2020-03-29,39015922437786927214.000000000
2020-03-28,113536318041496653247.000000000
2020-03-27,422594310591852121801.000000000
2020-03-26,97603637246069273158.000000000
2020-03-25,63043960263344622347.000000000
2020-03-24,77113973622239097849.000000000
2020-03-23,142704372307738936239.000000000
2020-03-22,500325571649598437098.000000000
2020-03-21,44610862673961963499.000000000
2020-03-20,128477365557901965991.000000000
2020-03-19,224357444693391834070.000000000
2020-03-18,289132115914278763696.000000000
2020-03-17,97046042315931968136.000000000
2020-03-16,248026141575813261933.000000000
2020-03-15,376952725114599078195.000000000
2020-03-14,234404479467698462392.000000000
2020-03-13,484841183842122526947.000000000
2020-03-12,363297790093091479301.000000000
2020-03-11,115329104768379653933.000000000
2020-03-10,105819363580795386902.000000000
2020-03-09,220555580708299331637.000000000
2020-03-08,103457338232675488609.000000000
2020-03-07,384298603374641217935.000000000
2020-03-06,201539995723477747172.000000000
2020-03-05,65257802112574203388.000000000
2020-03-04,84550980129338372213.000000000
2020-03-03,117806707939224592415.000000000
2020-03-02,74818994773796908127.000000000
2020-03-01,299874577507938315621.000000000
2020-02-29,55545748723396494389.000000000
2020-02-28,112891524206554771809.000000000
2020-02-27,615683833991057646045.000000000
2020-02-26,240413399031746070695.000000000
2020-02-25,638731454301761633729.000000000
2020-02-24,167445231876839180836.000000000
2020-02-23,110877416403208169163.000000000
2020-02-22,295537813948278065251.000000000
2020-02-21,145774931073455041083.000000000
2020-02-20,148766726858607749266.000000000
2020-02-19,132920637778711786582.000000000
2020-02-18,103091729210847185240.000000000
2020-02-17,169015423722773326761.000000000
2020-02-16,143518255312813577600.000000000
2020-02-15,390290617361007210162.000000000
2020-02-14,112543010064090741699.000000000
2020-02-13,140468854233802047095.000000000
2020-02-12,218913367801346607944.000000000
2020-02-11,77340810562689381353.000000000
2020-02-10,117762623059717487384.000000000
2020-02-09,125589724160168457668.000000000
2020-02-08,105127254523450039790.000000000
2020-02-07,213443845556005887855.000000000
2020-02-06,132310510591583341809.000000000
2020-02-05,416330224094122526124.000000000
2020-02-04,36890747664616746014.000000000
2020-02-03,43145946058746015242.000000000
2020-02-02,130287618887422896671.000000000
2020-02-01,84334414090775071273.000000000
2020-01-31,188838190391045381447.000000000
2020-01-30,60081583438091722651.000000000
2020-01-29,162832872970226901123.000000000
2020-01-28,40028116977962740617.000000000
2020-01-27,23432789573421046015.000000000
2020-01-26,30836802326463253474.000000000
2020-01-25,13588848539818333198.000000000
2020-01-24,25539275339264876184.000000000
2020-01-23,25640456900958856173.000000000
2020-01-22,49955950387535548559.000000000
2020-01-21,39748388744647134555.000000000
2020-01-20,323253031348568263289.000000000
2020-01-19,67266089207310875414.000000000
2020-01-18,58073656936615639803.000000000
2020-01-17,49842674655453624640.000000000
2020-01-16,473945985550126937444.000000000
2020-01-15,126250168893155816071.000000000
2020-01-14,231727720206316526932.000000000
2020-01-13,52572768938128492871.000000000
2020-01-12,64556906814614028679.000000000
2020-01-11,47690657790213075943.000000000
2020-01-10,72378153286951321822.000000000
2020-01-09,346611485234581951451.000000000
2020-01-08,82533697712385617994.000000000
2020-01-07,53297348239594772813.000000000
2020-01-06,109691593875145286611.000000000
2020-01-05,31507240193286874492.000000000
2020-01-04,60097275517396801453.000000000
2020-01-03,57380905846593494347.000000000
2020-01-02,66256531154528220239.000000000
2020-01-01,29599942591263060544.000000000
2019-12-31,138182099021195236299.000000000
2019-12-30,71169476712740099267.000000000
2019-12-29,68228430894645742493.000000000
2019-12-28,46724854740982483176.000000000
2019-12-27,55751751067882309805.000000000
2019-12-26,109345239226432155834.000000000
2019-12-25,38561816159789270961.000000000
2019-12-24,45145067452882912943.000000000
2019-12-23,114467890295961069410.000000000
2019-12-22,89428046986284955976.000000000
2019-12-21,36352183053709291826.000000000
2019-12-20,80292510517543433464.000000000
2019-12-19,87306943329749921128.000000000
2019-12-18,826810043778892535980.000000000
2019-12-17,421401210084549715256.000000000
2019-12-16,26545598908017732645.000000000
2019-12-15,426541838805448917277.000000000
2019-12-14,52647295454819638401.000000000
2019-12-13,44462429525691225814.000000000
2019-12-12,94688857608948057387.000000000
2019-12-11,57450035623660052054.000000000
2019-12-10,336307764847218350902.000000000
2019-12-09,20954775316557749074.000000000
2019-12-08,88735149772413308698.000000000
2019-12-07,120749726832413739902.000000000
2019-12-06,93759761286157631692.000000000
2019-12-05,41002888717382735604.000000000
2019-12-04,70020446667982402243.000000000
2019-12-03,85671251938808089404.000000000
2019-12-02,42372877563308221325.000000000
2019-12-01,33803828987651326667.000000000
2019-11-30,39455917139105765101.000000000
2019-11-29,89246395797955158480.000000000
2019-11-28,49236650681075408990.000000000
2019-11-27,281910085322319064890.000000000
2019-11-26,2466519072336412809180.000000000
2019-11-25,213880145143037837694.000000000
2019-11-24,44577765311192224332.000000000
2019-11-23,47811178464083673713.000000000
2019-11-22,139140915434122761557.000000000
2019-11-21,90161022489054040369.000000000
2019-11-20,345194006916634488023.000000000
2019-11-19,2079695312504061421769.000000000
2019-11-18,6567482168727864011702.000000000
2019-11-17,129395097607874901807.000000000
2019-11-16,132676289280992776088.000000000
2019-11-15,182889473703090565872.000000000
2019-11-14,76243399357218199605.000000000
2019-11-13,80857358265844393077.000000000
2019-11-12,39856724454588827299.000000000
2019-11-11,76273138874462962193.000000000
2019-11-10,66395718309016351450.000000000
2019-11-09,62617337165425711493.000000000
2019-11-08,101161445410535351616.000000000
2019-11-07,144776596104393979409.000000000
2019-11-06,88685944433875772023.000000000
2019-11-05,92105391293203232263.000000000
2019-11-04,220517824021673582120.000000000
2019-11-03,47617485550379645577.000000000
2019-11-02,139414751453177419984.000000000
2019-11-01,437121754188651263785.000000000
2019-10-31,56605897287235056905.000000000
2019-10-30,45430542489291380247.000000000
2019-10-29,592769622761787652747.000000000
2019-10-28,111704751988456219232.000000000
2019-10-27,166215120426686907244.000000000
2019-10-26,98210141344752245343.000000000
2019-10-25,37367544439336041493.000000000
2019-10-24,179393114702196414966.000000000
2019-10-23,128059552358519895530.000000000
2019-10-22,97060927803717451526.000000000
2019-10-21,134760822089422296745.000000000
2019-10-20,4253475556671406062.000000000
2019-10-19,9821615166097182710.000000000
2019-10-18,39397041893324439284.000000000
2019-10-17,982903300021346026095.000000000
2019-10-16,81006913340335065357.000000000
2019-10-15,463680149324014102432.000000000
2019-10-14,222197213607787592418.000000000
2019-10-13,108894677781732925617.000000000
2019-10-12,21442442186197014114.000000000
2019-10-11,150052286853978698927.000000000
2019-10-10,46427812901126200929.000000000
2019-10-09,51442576708348731136.000000000
2019-10-08,57861022866227736731.000000000
2019-10-07,199312848553314974844.000000000
2019-10-06,95475246577999679608.000000000
2019-10-05,30360517182753864150.000000000
2019-10-04,38598325873705898590.000000000
2019-10-03,11369258841654865570.000000000
2019-10-02,22584340844360839462.000000000
2019-10-01,45955877808507818239.000000000
2019-09-30,58706292338068774011.000000000
2019-09-29,94292559891765263162.000000000
2019-09-28,61794761219415531909.000000000
2019-09-27,28647537333138889859.000000000
2019-09-26,98819734938540997877.000000000
2019-09-25,108459453742651108818.000000000
2019-09-24,100856595065116127492.000000000
2019-09-23,82643574075327412579.000000000
2019-09-22,47893114498548126829.000000000
2019-09-21,65210481614246894580.000000000
2019-09-20,41008903357416374817.000000000
2019-09-19,62620509159518797246.000000000
2019-09-18,73858692795665957048.000000000
2019-09-17,63379032512750159703.000000000
2019-09-16,55453452048721438688.000000000
2019-09-15,9857496833180196148.000000000
2019-09-14,5962371958664080806.000000000
2019-09-13,9906593768780749888.000000000
2019-09-12,50113131754513304519.000000000
2019-09-11,197579312175718048672.000000000
2019-09-10,65369936676864831029.000000000
2019-09-09,197281508509709399776.000000000
2019-09-08,24076658646983438145.000000000
2019-09-07,58454860965645103723.000000000
2019-09-06,86097007857833431543.000000000
2019-09-05,84597527529639081710.000000000
2019-09-04,71004299039186185448.000000000
2019-09-03,51277507345896610265.000000000
2019-09-02,57077477933633935598.000000000
2019-09-01,17949418625994937915.000000000
2019-08-31,22088915671198036721.000000000
2019-08-30,34788028478564615045.000000000
2019-08-29,72563646751005772191.000000000
2019-08-28,49287622725101445099.000000000
2019-08-27,44196659984692674897.000000000
2019-08-26,83971074352426919922.000000000
2019-08-25,150550631983225947088.000000000
2019-08-24,144704017831397726708.000000000
2019-08-23,50575045571614407574.000000000
2019-08-22,31762676822529304017.000000000
2019-08-21,54984594087653693561.000000000
2019-08-20,72709870019969588467.000000000
2019-08-19,1188625678353759522774.000000000
2019-08-18,20756451857089720272.000000000
2019-08-17,29194334141592924893.000000000
2019-08-16,107007128158655025587.000000000
2019-08-15,5391281693352095750.000000000
2019-08-14,39754752240960978241.000000000
2019-08-13,37805220537579089705.000000000
2019-08-12,42080741263676672300.000000000
2019-08-11,196064259446296691998.000000000
2019-08-10,71351889413751742874.000000000
2019-08-09,76330184955265447202.000000000
2019-08-08,89970988410241328542.000000000
2019-08-07,38615116392103526855.000000000
2019-08-06,97302412224381389716.000000000
2019-08-05,53720475897545872963.000000000
2019-08-04,26938510898287312543.000000000
2019-08-03,1102627597816039025683.000000000
2019-08-02,74675804899811139988.000000000
2019-08-01,56248144379858572745.000000000
2019-07-31,77912579016593434185.000000000
2019-07-30,45571851470624850129.000000000
2019-07-29,57668422376003040653.000000000
2019-07-28,47821555801082821498.000000000
2019-07-27,48452647529240359429.000000000
2019-07-26,45585579658642331320.000000000
2019-07-25,90771127041634231063.000000000
2019-07-24,109194221178864983224.000000000
2019-07-23,42749851429326897366.000000000
2019-07-22,196980339066730402673.000000000
2019-07-21,21521861401428642266.000000000
2019-07-20,12471843703889201271.000000000
2019-07-19,289650299896345479434.000000000
2019-07-18,1911547097125143527028.000000000
2019-07-17,100706108513585015005.000000000
2019-07-16,48209216425384542888.000000000
2019-07-15,27456547996490786548.000000000
2019-07-14,45648561844761283696.000000000
2019-07-13,32995852069686580928.000000000
2019-07-12,52858498408134940336.000000000
2019-07-11,582591375175144885348.000000000
2019-07-10,1959696460859057469916.000000000
2019-07-09,2106286433495382626082.000000000
2019-07-08,99924821774438811822.000000000
2019-07-07,54780792566562384068.000000000
2019-07-06,136127285585843435054.000000000
2019-07-05,61128556818925928082.000000000
2019-07-04,192537584030086649943.000000000
2019-07-03,165987692424544738706.000000000
2019-07-02,138341398543984363535.000000000
2019-07-01,151125459464223858369.000000000
2019-06-30,45162510997469415090.000000000
2019-06-29,88593644055469114894.000000000
2019-06-28,125531207581837254775.000000000
2019-06-27,345136711312402662054.000000000
2019-06-26,330034859782314506806.000000000
2019-06-25,112697819678944356669.000000000
2019-06-24,122374681794307830418.000000000
2019-06-23,122316177901741569172.000000000
2019-06-22,128831367733865843179.000000000
2019-06-21,897285405860500331527.000000000
2019-06-20,576019989345420371257.000000000
2019-06-19,2433241805949260450111.000000000
2019-06-18,103174224240429391172.000000000
2019-06-17,85142191467135660306.000000000
2019-06-16,49912771102179989433.000000000
2019-06-15,39512111738697680208.000000000
2019-06-14,223811312267519220022.000000000
2019-06-13,161322017735996109968.000000000
2019-06-12,120603080376753455102.000000000
2019-06-11,184874447831263521630.000000000
2019-06-10,43210091950482372046.000000000
2019-06-09,1201025343843844876.000000000
2019-06-08,52231871574793159260.000000000
2019-06-07,197555011153465249285.000000000
2019-06-06,130238844481600350189.000000000
2019-06-05,169516559114533692343.000000000
2019-06-04,137529914219575211283.000000000
2019-06-03,15810737439389168543.000000000
2019-06-02,4462045384433604039.000000000
2019-06-01,2048182434606106117.000000000
2019-05-31,9570736583674568695.000000000
2019-05-30,3660398843337889089.000000000
2019-05-29,119779916496129031328.000000000
2019-05-28,3844913315001922930.000000000
2019-05-27,14623122253797610255.000000000
2019-05-26,3914311573393074658.000000000
2019-05-25,6846904934826463454.000000000
2019-05-24,4341382633765619321.000000000
2019-05-23,1309721615321073569282.000000000
2019-05-22,90044465819407164900.000000000
2019-05-21,49713747610620612152.000000000
2019-05-20,2016589429015562304.000000000
2019-05-19,5004498048877686133.000000000
2019-05-18,11790025245483395606.000000000
2019-05-17,10743372787666995705.000000000
2019-05-16,9047480947059978457.000000000
2019-05-15,8084426899900696328.000000000
2019-05-14,5401459156126028038.000000000
2019-05-13,20277198475504741646.000000000
2019-05-12,31566518155194431797.000000000
2019-05-11,22605394238774898150.000000000
2019-05-10,3730700618771861214.000000000
2019-05-09,2060582397976504694.000000000
2019-05-08,2187693845112925769.000000000
2019-05-07,518342854498284087.000000000
2019-05-06,26948278090649641657.000000000
2019-05-05,1601839952409516102.000000000
2019-05-04,1196090726773985030.000000000
2019-05-03,5228589974550449564.000000000
2019-05-02,856732896297769291.000000000
2019-05-01,3329498687724885526.000000000
2019-04-30,6739810566089572285.000000000
2019-04-29,212281120464243801.000000000
2019-04-28,1884684278099811869.000000000
2019-04-27,969849599811240734.000000000
2019-04-26,5043900454152961955.000000000
2019-04-25,5552789929620525812838.000000000
2019-04-24,3054673838943600939.000000000
2019-04-23,4439225803107716416.000000000
2019-04-22,1069691339228418910448.000000000
2019-04-21,3026741813342465182.000000000
2019-04-20,2631979349877457649.000000000
2019-04-19,3232947305840119048.000000000
2019-04-18,3309052816838418837.000000000
2019-04-17,751527005950385168.000000000
2019-04-16,505573551633321379.000000000
2019-04-15,2504851962796272491.000000000
2019-04-14,615628837790743010.000000000
2019-04-13,559678441040567462.000000000
2019-04-12,1711121446829604183.000000000
2019-04-11,1261183763416644339.000000000
2019-04-10,541352173152135523.000000000
2019-04-09,1497362066161500589.000000000
2019-04-08,624599267438121594.000000000
2019-04-07,677417849233522020.000000000
2019-04-06,4295501913806839549.000000000
2019-04-05,1826151613434053273.000000000
2019-04-04,3236891000127303575.000000000
2019-04-03,2082201005457699980.000000000
2019-04-02,10734218432733468427.000000000
