date,average_gas_per_transaction
2022-09-07,3769289592163.7266
2022-09-06,3271113479408.686
2022-09-05,3507135613665.382
2022-09-04,3005865555517.146
2022-09-03,35996499399774.34
2022-09-02,2897043114059.385
2022-09-01,2601957726805.901
2022-08-31,2660584760008.3555
2022-08-30,2641784669473.0635
2022-08-29,2942151716468.1543
2022-08-28,2371666969605.156
2022-08-27,1902999618952.401
2022-08-26,2339362117422.024
2022-08-25,2463237075758.7583
2022-08-24,2918455936345.3667
2022-08-23,2406394512647.634
2022-08-22,2627923916343.0396
2022-08-21,3382044583047.4966
2022-08-20,2807292838425.097
2022-08-19,3555887312171.7686
2022-08-18,4114701100256.9243
2022-08-17,2955985060916.629
2022-08-16,3371957464487.659
2022-08-15,3009994512517.729
2022-08-14,3194425462997.715
2022-08-13,2787282891432.8887
2022-08-12,3674161512902.132
2022-08-11,2944697890638.7373
2022-08-10,3125551155170.819
2022-08-09,2837881521061.8833
2022-08-08,3483941375513.5864
2022-08-07,3044871339632.148
2022-08-06,3171648175912.036
2022-08-05,3000410469573.373
2022-08-04,3378149309748.913
2022-08-03,3496257181214.7114
2022-08-02,3563024153031.596
2022-08-01,4730917697382.905
2022-07-31,4287701416911.655
2022-07-30,1611249211484.6907
2022-07-29,2038199876563.8762
2022-07-28,3010143775194.6753
2022-07-27,3108506421534.6084
2022-07-26,3406414899248.225
2022-07-25,2626262561406.3594
2022-07-24,2697615610019.9155
2022-07-23,1936646018413.6438
2022-07-22,2969509798150.1514
2022-07-21,2547073379159.746
2022-07-20,3062017830287.4404
2022-07-19,4700467757359.417
2022-07-18,3759947043902.806
2022-07-17,3891041352610.175
2022-07-16,2576559358829.7744
2022-07-15,2749622947797.938
2022-07-14,3065562790379.242
2022-07-13,3413428274178.7017
2022-07-12,2921537926982.6924
2022-07-11,2844599885706.9004
2022-07-10,3434717735478.3867
2022-07-09,3454506747850.741
2022-07-08,4458369799541.389
2022-07-07,4239598178798.5327
2022-07-06,3253407954939.141
2022-07-05,3243170519885.925
2022-07-04,3000048685146.5547
2022-07-03,3553259467873.448
2022-07-02,3737901248385.377
2022-07-01,5592885760605.436
2022-06-30,4390963747288.87
2022-06-29,4145573101232.415
2022-06-28,3194748125328.8545
2022-06-27,3338074939693.445
2022-06-26,3644378290430.539
2022-06-25,3593168436403.348
2022-06-24,3958744934805.7036
2022-06-23,2969468840172.084
2022-06-22,3548523116038.5747
2022-06-21,7216771168714.065
2022-06-20,4203911088917.789
2022-06-19,5707993176141.8545
2022-06-18,8177865766191.221
2022-06-17,7122895248042.152
2022-06-16,7909471386509.641
2022-06-15,7557946660811.478
2022-06-14,7384965999219.207
2022-06-13,8316821332412.889
2022-06-12,6062493595375.946
2022-06-11,5764249346223.89
2022-06-10,7585995605251.376
2022-06-09,4468137135675.322
2022-06-08,4122586465487.052
2022-06-07,5739141070221.112
2022-06-06,4446343232944.585
2022-06-05,5281263485226.615
2022-06-04,3308527749832.4365
2022-06-03,3765363002963.122
2022-06-02,3588780566836.772
2022-06-01,3555412584275.5938
2022-05-31,4203612513752.109
2022-05-30,6038422270076.123
2022-05-29,3948278670013.684
2022-05-28,5400446418908.39
2022-05-27,5377509228578.289
2022-05-26,4611351783531.4375
2022-05-25,3682319550613.141
2022-05-24,3657907762592.6123
2022-05-23,3712711256522.0845
2022-05-22,5089976305150.363
2022-05-21,5341434180739.764
2022-05-20,2723441297131.9644
2022-05-19,3616926733838.7593
2022-05-18,2909433092940.41
2022-05-17,1961110811800.3948
2022-05-16,4295776100552.2925
2022-05-15,4959439572593.054
2022-05-14,3551902116904.2554
2022-05-13,6548773652407.24
2022-05-12,8260187627908.548
2022-05-11,8257345842061.055
2022-05-10,4869889612500.355
2022-05-09,5299069066920.957
2022-05-08,4641797847610.756
2022-05-07,4462616181576.339
2022-05-06,4301412359324.697
2022-05-05,5704043187354.711
2022-05-04,5073003546805.165
2022-05-03,3979431881544.4155
2022-05-02,4326019108319.9204
2022-05-01,6659172526483.889
2022-04-30,4527996019380.773
2022-04-29,4228836915943.9478
2022-04-28,6687627228226.016
2022-04-27,16152917211042.832
2022-04-26,6868613610889.965
2022-04-25,6909780497753.513
2022-04-24,6568686479300.749
2022-04-23,4261032815927.26
2022-04-22,7290360394641.7
2022-04-21,20021387484313.348
2022-04-20,10392958128587.717
2022-04-19,8505168108256.839
2022-04-18,6867409275314.806
2022-04-17,6428492390645.181
2022-04-16,7503636344025.253
2022-04-15,6633600270057.516
2022-04-14,7052448209858.864
2022-04-13,5538724568219.465
2022-04-12,5470852726214.904
2022-04-11,5953118170666.629
2022-04-10,7698206791454.898
2022-04-09,3698429624071.375
2022-04-08,4131844833578.086
2022-04-07,4448549818425.734
2022-04-06,5206411495185.911
2022-04-05,4793745927005.3125
2022-04-04,4481106863685.324
2022-04-03,5367709807957.0625
2022-04-02,5811002360327.153
2022-04-01,7955269548003.447
2022-03-31,10788232876210.855
2022-03-30,10671494230887.459
2022-03-29,8884975418596.334
2022-03-28,8790331882051.402
2022-03-27,16706398175342.473
2022-03-26,9613344607021.191
2022-03-25,12670023735650.668
2022-03-24,5150686399520.628
2022-03-23,7532077609546.761
2022-03-22,5378500419766.152
2022-03-21,8144448382003.065
2022-03-20,4942319999297.805
2022-03-19,4618622133910.9795
2022-03-18,8866139846476.016
2022-03-17,6305999482883.169
2022-03-16,7290378810675.122
2022-03-15,8021371386767.524
2022-03-14,4902172216235.977
2022-03-13,5510834769970.278
2022-03-12,5344072168693.957
2022-03-11,3867010644412.221
2022-03-10,6154704083948.179
2022-03-09,5382661095405.28
2022-03-08,5365308424861.923
2022-03-07,5552780508958.686
2022-03-06,6268769788576.107
2022-03-05,4917069539494.936
2022-03-04,4626497735750.294
2022-03-03,5543491660722.254
2022-03-02,7483803824770.538
2022-03-01,12350552641494.938
2022-02-28,6570171148452.692
2022-02-27,7602235360379.413
2022-02-26,10325359199867.508
2022-02-25,12459612448781.63
2022-02-24,16848618013321.178
2022-02-23,8532323272412.299
2022-02-22,23078527142782.42
2022-02-21,11648242003884.217
2022-02-20,12863097147757.537
2022-02-19,6465940049505.052
2022-02-18,8733396490765.349
2022-02-17,10504917881630.654
2022-02-16,10949751885872.346
2022-02-15,7939276085602.283
2022-02-14,5586541283132.51
2022-02-13,11538586553308.518
2022-02-12,9481310933747.967
2022-02-11,9299820092950.834
2022-02-10,7520852605714.096
2022-02-09,7725070085883.545
2022-02-08,9451880195683.092
2022-02-07,7600904055487.06
2022-02-06,9321124533987.047
2022-02-05,6373379366099.8545
2022-02-04,8873643201835.129
2022-02-03,9415424412182.578
2022-02-02,9316719806809.879
2022-02-01,8671103855264.158
2022-01-31,7751488569941.16
2022-01-30,14943777588211.13
2022-01-29,8663790211864.678
2022-01-28,11364415578511.904
2022-01-27,7766951251685.043
2022-01-26,8607676656145.601
2022-01-25,8046925158938.523
2022-01-24,7294431528205.666
2022-01-23,10810821692904.785
2022-01-22,7932431974547.191
2022-01-21,9387450319484.328
2022-01-20,8018542346603.319
2022-01-19,10480565769537.52
2022-01-18,7499762710634.649
2022-01-17,6926054198337.524
2022-01-16,9620161768818.584
2022-01-15,6219559667711.522
2022-01-14,5993911831085.946
2022-01-13,6836447790933.301
2022-01-12,7774515933464.962
2022-01-11,5844649330219.905
2022-01-10,5860675977890.612
2022-01-09,8145882124244.354
2022-01-08,6283378758446.839
2022-01-07,6382656254009.139
2022-01-06,6382366347503.248
2022-01-05,7525799711654.017
2022-01-04,6583800568081.453
2022-01-03,8648240837695.945
2022-01-02,7364545241378.405
2022-01-01,5926604616296.15
2021-12-31,6226199338700.518
2021-12-30,4722878607159.779
2021-12-29,5785554727312.96
2021-12-28,6105241297758.307
2021-12-27,6718158100126.447
2021-12-26,8557737698469.531
2021-12-25,4330185256179.1626
2021-12-24,4968131158981.658
2021-12-23,5383930758632.924
2021-12-22,5585094333897.895
2021-12-21,5220020336333.755
2021-12-20,4869682108444.666
2021-12-19,8733314672827.711
2021-12-18,4736395587200.771
2021-12-17,3959414180568.5254
2021-12-16,4731249184982.221
2021-12-15,4774456458093.623
2021-12-14,4394148513826.6577
2021-12-13,4578492335946.9375
2021-12-12,7244419333339.784
2021-12-11,4836229837986.319
2021-12-10,4503954387447.369
2021-12-09,4922730457703.808
2021-12-08,4926027478855.298
2021-12-07,4489530652442.659
2021-12-06,5046775734612.553
2021-12-05,6939078135438.514
2021-12-04,5451086236409.688
2021-12-03,5476337106969.236
2021-12-02,4621847094982.142
2021-12-01,6741960569414.302
2021-11-30,5116457986292.959
2021-11-29,5387880394905.956
2021-11-28,5409187877688.227
2021-11-27,3543358635245.215
2021-11-26,5383066625372.915
2021-11-25,4474297395678.206
2021-11-24,5182571365965.302
2021-11-23,5305491230540.231
2021-11-22,6031483924201.496
2021-11-21,6387596583399.15
2021-11-20,6339071834060.306
2021-11-19,6586967417243.504
2021-11-18,6845446888582.735
2021-11-17,8394794759842.875
2021-11-16,6429904705016.036
2021-11-15,6068713208226.303
2021-11-14,8855694167643.154
2021-11-13,7499482803294.421
2021-11-12,6254226676091.646
2021-11-11,5672513173921.059
2021-11-10,6949403229991.628
2021-11-09,6283364306606.716
2021-11-08,6552182873852.392
2021-11-07,6948160475366.149
2021-11-06,6314879275866.105
2021-11-05,6081855964981.071
2021-11-04,6611917656673.597
2021-11-03,6727763250675.949
2021-11-02,5790217580763.278
2021-11-01,7159213235498.64
2021-10-31,6583020890376.849
2021-10-30,5291442549108.878
2021-10-29,5881458933848.404
2021-10-28,7530235886967.145
2021-10-27,7270606973112.655
2021-10-26,6744678949839.731
2021-10-25,6953119097445.975
2021-10-24,5253911839404.075
2021-10-23,6310916915294.285
2021-10-22,5371147122255.286
2021-10-21,5841939951016.956
2021-10-20,6080864933439.511
2021-10-19,5319386205290.027
2021-10-18,5326309070811.463
2021-10-17,5151332434076.817
2021-10-16,5345264462432.989
2021-10-15,5476873175991.02
2021-10-14,5605627484692.219
2021-10-13,6851530895916.744
2021-10-12,5492549359746.526
2021-10-11,5215894605917.739
2021-10-10,4926760782636.889
2021-10-09,4939562028299.327
2021-10-08,5361112006902.831
2021-10-07,5856344732748.445
2021-10-06,6632352617100.58
2021-10-05,9562282957887.174
2021-10-04,9177330969777.004
2021-10-03,7319326237979.088
2021-10-02,6463040070508.91
2021-10-01,6631072818188.875
2021-09-30,7151484382993.271
2021-09-29,5255188003364.921
2021-09-28,4706943980024.518
2021-09-27,4697491035292.227
2021-09-26,4576120709142.942
2021-09-25,3818471618377.4897
2021-09-24,4317295068602.6826
2021-09-23,4957470265443.738
2021-09-22,4319877289504.382
2021-09-21,4516612302955.929
2021-09-20,5421690334640.076
2021-09-19,5158182601220.624
2021-09-18,7366884359299.598
2021-09-17,5613737404271.68
2021-09-16,6148123992415.224
2021-09-15,7453946665400.251
2021-09-14,6223022109345.652
2021-09-13,6268422639874.245
2021-09-12,5312307298859.803
2021-09-11,4391040649079.174
2021-09-10,4870751513566.298
2021-09-09,5155912315118.011
2021-09-08,2855684123844.5137
2021-09-07,5724926057317.634
2021-09-06,5714672020007.389
2021-09-05,5063388010226.706
2021-09-04,5165634227331.735
2021-09-03,6547989388529.308
2021-09-02,5260077381892.216
2021-09-01,6442308403120.005
2021-08-31,12049066596128.945
2021-08-30,4299161785500.909
2021-08-29,4302769059582.303
2021-08-28,5376850078578.976
2021-08-27,4586258442832.852
2021-08-26,3936967832128.5806
2021-08-25,4612196200524.078
2021-08-24,4384521877275.4395
2021-08-23,5014860905757.771
2021-08-22,4260499044984.8477
2021-08-21,4057091499742.4434
2021-08-20,4205871180484.753
2021-08-19,4003470568596.6465
2021-08-18,4255552264133.655
2021-08-17,3763996857897.5903
2021-08-16,4090708774649.0825
2021-08-15,4324663659113.3457
2021-08-14,4090114525008.912
2021-08-13,4858167195270.805
2021-08-12,4044711525851.392
2021-08-11,4663861598093.972
2021-08-10,4166067920317.9893
2021-08-09,3913398780768.33
2021-08-08,4364642221591.183
2021-08-07,4195669072416.772
2021-08-06,4043654406743.8184
2021-08-05,4160527551230.3384
2021-08-04,3544774929223.032
2021-08-03,3852097240965.6826
2021-08-02,4022597859575.1523
2021-08-01,4954161713066.035
2021-07-31,4224717126584.663
2021-07-30,5051558698056.577
2021-07-29,5694656424760.566
2021-07-28,4761858120184.89
2021-07-27,3618113636689.2715
2021-07-26,4478722466525.902
2021-07-25,4021792307692.313
2021-07-24,3785348153482.161
2021-07-23,3365774648775.364
2021-07-22,3700264385087.702
2021-07-21,4204138264540.5835
2021-07-20,3829296259338.853
2021-07-19,3713754272750.157
2021-07-18,4275002223660.855
2021-07-17,5394586090725.806
2021-07-16,6984272945551.403
2021-07-15,6870736966212.275
2021-07-14,10322989651613.174
2021-07-13,6947978177030.822
2021-07-12,6167793506182.422
2021-07-11,4691036482235.1045
2021-07-10,4571488217491.374
2021-07-09,4937731468814.882
2021-07-08,4127887000151.3076
2021-07-07,4995331356293.953
2021-07-06,5830445443496.631
2021-07-05,5969906955990.874
2021-07-04,20619484876901.22
2021-07-03,4119837018365.1304
2021-07-02,4849806697884.914
2021-07-01,6215159082982.649
2021-06-30,5786897901359.298
2021-06-29,5323960582015.647
2021-06-28,5284368463210.896
2021-06-27,21014750349319.773
2021-06-26,5064981322110.194
2021-06-25,5993141079187.492
2021-06-24,5688717639340.097
2021-06-23,6148728478053.554
2021-06-22,6286858654750.727
2021-06-21,10553941273007.271
2021-06-20,24085769289178.04
2021-06-19,7164989619738.242
2021-06-18,7195553523900.772
2021-06-17,6100750957249.584
2021-06-16,6852397608510.266
2021-06-15,6458856260350.223
2021-06-14,6629207244920.394
2021-06-13,21132405908527.75
2021-06-12,5040166049298.72
2021-06-11,5386869256833.056
2021-06-10,5954806866173.225
2021-06-09,6050827554495.247
2021-06-08,6433551409978.267
2021-06-07,14160559986457.848
2021-06-06,17589210721124.688
2021-06-05,9240952026417.771
2021-06-04,9892394346342.064
2021-06-03,18824253156680.87
2021-06-02,12750307237172.344
2021-06-01,18778973438113.984
2021-05-31,8057428383031.631
2021-05-30,21087090973499.29
2021-05-29,7256726601571.799
2021-05-28,7318191557916.271
2021-05-27,8634550135125.483
2021-05-26,5766068305380.064
2021-05-25,5757223219006.239
2021-05-24,7160331159227.622
2021-05-23,23830554338108.94
2021-05-22,11545153307203.41
2021-05-21,11559751357666.73
2021-05-20,8385009481801.566
2021-05-19,9724768388405.684
2021-05-18,8850801813556.617
2021-05-17,23600605290481.562
2021-05-16,13403486225482.857
2021-05-15,5917643606836.463
2021-05-14,28913057773691.293
2021-05-13,18623191032416.98
2021-05-12,18930591894354.957
2021-05-11,12192681033290.5
2021-05-10,4103368549202.523
2021-05-09,17536144686066.549
2021-05-08,3427638061976.6294
2021-05-07,3495649277170.317
2021-05-06,3996629705888.158
2021-05-05,5121034891213.762
2021-05-04,3962483724444.1885
2021-05-03,5414141435632.964
2021-05-02,28117479829888.57
2021-05-01,23211521404803.734
2021-04-30,24027997562941.094
2021-04-29,22715661603394.12
2021-04-28,22880158054086.01
2021-04-27,22400209539193.664
2021-04-26,25157693552250.855
2021-04-25,32454757269314.465
2021-04-24,26338725084525.465
2021-04-23,25061813253921.855
2021-04-22,21904653188033.176
2021-04-21,11146724174990.744
2021-04-20,21744667505685.676
2021-04-19,11693192460198.062
2021-04-18,23343775624565.324
2021-04-17,21910161886988.523
2021-04-16,20687427745377.0
2021-04-15,16989778126438.17
2021-04-14,24662659175835.797
2021-04-13,26039200038668.61
2021-04-12,14768407671140.273
2021-04-11,14205832747302.654
2021-04-10,4928793015688.793
2021-04-09,15772875566850.033
2021-04-08,22852679790212.17
2021-04-07,16536986756706.672
2021-04-06,18034131484633.47
2021-04-05,14322231659231.625
2021-04-04,17844319482497.125
2021-04-03,9099873147211.396
2021-04-02,14511864039411.623
2021-04-01,9749341456406.367
2021-03-31,6612584877341.242
2021-03-30,5517875576703.293
2021-03-29,6302931897923.302
2021-03-28,6687388098306.277
2021-03-27,7778381345105.662
2021-03-26,5433333399505.725
2021-03-25,4881773217674.016
2021-03-24,6880507977543.344
2021-03-23,5021924841089.257
2021-03-22,5193797349493.136
2021-03-21,6137146440960.689
2021-03-20,5159337904599.556
2021-03-19,4864129884703.259
2021-03-18,4669848026079.368
2021-03-17,5322189122434.31
2021-03-16,4194651801651.193
2021-03-15,4826386362293.795
2021-03-14,5024220260942.515
2021-03-13,4975002139524.215
2021-03-12,5501546332404.449
2021-03-11,5172141039267.785
2021-03-10,5877549892948.995
2021-03-09,5086341284304.137
2021-03-08,5335787369473.749
2021-03-07,7046756422562.849
2021-03-06,6077956211188.11
2021-03-05,6862750270226.37
2021-03-04,7220474326897.4795
2021-03-03,8945063723602.568
2021-03-02,6445168094413.792
2021-03-01,7663109281178.139
2021-02-28,6343119492344.457
2021-02-27,5921338084165.486
2021-02-26,5233263489131.242
2021-02-25,6290184035449.179
2021-02-24,8753016594074.408
2021-02-23,6024332495016.512
2021-02-22,6837412855487.647
2021-02-21,6712343208862.72
2021-02-20,6690205970999.165
2021-02-19,5489929155648.1045
2021-02-18,5614983282906.647
2021-02-17,7097079046030.614
2021-02-16,5019956702614.228
2021-02-15,5137327941299.812
2021-02-14,5188920690371.044
2021-02-13,5654425975184.2295
2021-02-12,4827995758941.444
2021-02-11,4142339984358.8306
2021-02-10,7899436268288.37
2021-02-09,5509199902311.257
2021-02-08,6372851054530.459
2021-02-07,6376316468896.192
2021-02-06,7401410235247.268
2021-02-05,7926969970615.115
2021-02-04,477202137607.96454
2021-02-03,1186888076476.98
2021-02-02,4585696691270.676
2021-02-01,4279846741854.6235
2021-01-31,4156861097807.5405
2021-01-30,4197568013893.2524
2021-01-29,4024090581361.071
2021-01-28,3149169758034.49
2021-01-27,3319972054362.2393
2021-01-26,3506904731231.5127
2021-01-25,4107235216367.7393
2021-01-24,4160175156087.4116
2021-01-23,4237019484903.927
2021-01-22,3933392583573.172
2021-01-21,4271820646649.806
2021-01-20,4239806934221.3228
2021-01-19,4532639196479.88
2021-01-18,4673993263138.845
2021-01-17,4779333390077.988
2021-01-16,4904517419367.204
2021-01-15,4428459170018.034
2021-01-14,5064791564957.002
2021-01-13,5239799608183.261
2021-01-12,4941315858300.9795
2021-01-11,5340895407183.526
2021-01-10,5439939017386.183
2021-01-09,4311408848254.896
2021-01-08,4442244452966.076
2021-01-07,4522998855525.883
2021-01-06,4984078146278.871
2021-01-05,4572437707529.223
2021-01-04,4320784899787.53
2021-01-03,4289310683255.447
2021-01-02,4126427739015.588
2021-01-01,4561544468160.503
2020-12-31,4188961293620.0938
2020-12-30,4307379200485.2334
2020-12-29,4754568360553.697
2020-12-28,4412313786416.375
2020-12-27,4618809463025.647
2020-12-26,6496687595216.425
2020-12-25,5770820393090.588
2020-12-24,7335953053458.331
2020-12-23,5398191264952.453
2020-12-22,5857147003929.353
2020-12-21,4751442010665.978
2020-12-20,4903851898335.161
2020-12-19,4584115076529.432
2020-12-18,4323066498089.201
2020-12-17,3715848764319.3765
2020-12-16,4009433742731.2104
2020-12-15,4081670908106.2847
2020-12-14,4091171862047.167
2020-12-13,3742343559997.7017
2020-12-12,4174308083246.616
2020-12-11,3697455103723.5093
2020-12-10,4440994754979.6
2020-12-09,4248327507221.9805
2020-12-08,4608657648075.513
2020-12-07,4341349463333.8003
2020-12-06,4800078076563.522
2020-12-05,5266752393453.888
2020-12-04,3908276036318.719
2020-12-03,3472591318186.719
2020-12-02,3507686896100.8286
2020-12-01,3862001754681.6494
2020-11-30,4104991867728.7725
2020-11-29,3788806360082.002
2020-11-28,3200841998840.3706
2020-11-27,3221675326145.7285
2020-11-26,2992205268676.4766
2020-11-25,4258629836152.2886
2020-11-24,5134694714509.581
2020-11-23,3414260260515.083
2020-11-22,3558823158990.13
2020-11-21,4821101764786.549
2020-11-20,4375987522231.647
2020-11-19,3659918853646.4707
2020-11-18,3544003284106.816
2020-11-17,5067470045578.12
2020-11-16,4361365220642.9277
2020-11-15,4525150455274.261
2020-11-14,3716101072094.394
2020-11-13,5159734607059.245
2020-11-12,5486282373088.415
2020-11-11,3503386798518.197
2020-11-10,4770209065272.33
2020-11-09,4823179843365.879
2020-11-08,2769402109618.5767
2020-11-07,2672840990078.7104
2020-11-06,2214527021685.8706
2020-11-05,2669370520293.6094
2020-11-04,2329509869851.2783
2020-11-03,2681978714000.392
2020-11-02,3267387032015.843
2020-11-01,3427552489451.493
2020-10-31,2950146308008.8145
2020-10-30,3119233877595.7573
2020-10-29,3474489024125.18
2020-10-28,3696720718409.2383
2020-10-27,3575358305176.374
2020-10-26,3611097571063.329
2020-10-25,3849224038055.5283
2020-10-24,5015210935381.339
2020-10-23,6269424001255.344
2020-10-22,4466785134833.397
2020-10-21,18059955245832.754
2020-10-20,16203800347730.467
2020-10-19,4744754866304.683
2020-10-18,3340270605304.689
2020-10-17,4573994070076.417
2020-10-16,4849103908131.206
2020-10-15,4250212031636.4355
2020-10-14,2704876148366.576
2020-10-13,2622968200500.0063
2020-10-12,3022976924676.097
2020-10-11,2292396561005.728
2020-10-10,1411059407452.647
2020-10-09,799615675310.3109
2020-10-08,940998953271.0627
2020-10-07,1205000472000.269
2020-10-06,1546428443619.7324
2020-10-05,1362600265032.2996
2020-10-04,342340285332.42163
2020-10-03,280186024418.5638
2020-10-02,332800221887.62964
2020-10-01,336064219029.95667
2020-09-30,272535340361.55493
2020-09-29,325149590868.45905
2020-09-28,509581614244.2542
2020-09-27,387819872297.5239
2020-09-26,344275335541.22394
2020-09-25,261609857789.26956
2020-09-24,406814908311.12976
2020-09-23,414253448002.53613
2020-09-22,389365051834.9172
2020-09-21,345864692901.80194
2020-09-20,574580561220.8994
2020-09-19,275408968479.2896
2020-09-18,315617240545.2464
2020-09-17,420836045005.6662
2020-09-16,476196664681.35803
2020-09-15,669191268020.971
2020-09-14,541820816769.0636
2020-09-13,535605769906.5294
2020-09-12,490089855384.50525
2020-09-11,481294628165.83344
2020-09-10,376680671243.3275
2020-09-09,352571009322.07886
2020-09-08,478684216409.5707
2020-09-07,381027740679.97296
2020-09-06,307840359817.77576
2020-09-05,333103483481.0315
2020-09-04,330270146235.2186
2020-09-03,326187772579.49396
2020-09-02,576884401274.619
2020-09-01,469181524728.01276
2020-08-31,595287269619.5005
2020-08-30,641972106943.3337
2020-08-29,409919889179.38104
2020-08-28,426024695279.31006
2020-08-27,672558829769.768
2020-08-26,352342480243.88684
2020-08-25,302724671938.2434
2020-08-24,352737060644.6889
2020-08-23,371151494380.3614
2020-08-22,382780365972.6686
2020-08-21,376707271857.9252
2020-08-20,350620311246.00244
2020-08-19,379465548115.852
2020-08-18,347492346364.52313
2020-08-17,344596230634.0876
2020-08-16,410353601971.30316
2020-08-15,532029055088.7816
2020-08-14,412915353908.2265
2020-08-13,410872389672.8933
2020-08-12,408754295733.4885
2020-08-11,411685093280.2031
2020-08-10,550014655272.4193
2020-08-09,478716008472.2605
2020-08-08,392488700755.5321
2020-08-07,452735704167.59705
2020-08-06,482610988963.62897
2020-08-05,416488995485.3256
2020-08-04,385196732854.52704
2020-08-03,504404313871.3288
2020-08-02,413515967528.52026
2020-08-01,588245838715.633
2020-07-31,442984710893.9014
2020-07-30,1576668737123.4478
2020-07-29,919367626439.6779
2020-07-28,2135233079497.3696
2020-07-27,1634205051194.5588
2020-07-26,451772154679.94684
2020-07-25,489479155848.97125
2020-07-24,491015769669.80945
2020-07-23,600233934097.9434
2020-07-22,451705956309.91626
2020-07-21,497657343217.78564
2020-07-20,470892511975.79596
2020-07-19,454443681470.81616
2020-07-18,372749171743.0813
2020-07-17,541645618757.04443
2020-07-16,461132859763.48016
2020-07-15,546340116639.78265
2020-07-14,508875576969.79517
2020-07-13,501135430038.5112
2020-07-12,511095238095.2378
2020-07-11,592184962080.1726
2020-07-10,628003742326.1284
2020-07-09,456275177418.0693
2020-07-08,503591863824.4713
2020-07-07,493146697630.481
2020-07-06,513605977563.9698
2020-07-05,544192667436.4868
2020-07-04,515293970536.5158
2020-07-03,520456724877.4509
2020-07-02,444405872697.42847
2020-07-01,350486173593.26154
2020-06-30,3324024526300.0483
2020-06-29,16869034635375.057
2020-06-28,1805490871369.2954
2020-06-27,11825207463809.006
2020-06-26,14542122341813.451
2020-06-25,14511171380864.91
2020-06-24,13513066236697.846
2020-06-23,13546438945601.805
2020-06-22,16579895618317.82
2020-06-21,9309438235294.123
2020-06-20,11796366273100.635
2020-06-19,11532868945056.342
2020-06-18,12998158216500.998
2020-06-17,12386446261306.236
2020-06-16,10884629756350.65
2020-06-15,10950003606161.234
2020-06-14,10868303076263.15
2020-06-13,9636596136814.139
2020-06-12,8708363449009.431
2020-06-11,9607191610088.88
2020-06-10,9205222544271.36
2020-06-09,7306971296770.878
2020-06-08,5552827907000.146
2020-06-07,6869091823424.419
2020-06-06,6201778621454.833
2020-06-05,5536120072111.126
2020-06-04,6058183137497.437
2020-06-03,5798564710940.858
2020-06-02,5324908393518.696
2020-06-01,5442823966797.446
2020-05-31,4274759225166.0967
2020-05-30,4148434278403.692
2020-05-29,4819611055841.512
2020-05-28,4909926578577.999
2020-05-27,5756288047921.7295
2020-05-26,4786757194846.494
2020-05-25,472678068580.61
2020-05-24,1073602673980.1149
2020-05-23,1029704135935.021
2020-05-22,448720110971.5229
2020-05-21,381539919373.523
2020-05-20,361212499376.0294
2020-05-19,287585988492.96594
2020-05-18,1077978022492.9717
2020-05-17,346794935145.15125
2020-05-16,323539200988.87775
2020-05-15,364969433944.65515
2020-05-14,294422416060.31616
2020-05-13,928926318727.323
2020-05-12,383734882571.0764
2020-05-11,875188507229.0198
2020-05-10,1848834650924.7783
2020-05-09,2543969798117.9116
2020-05-08,1664548036048.2957
2020-05-07,181536301101.32935
2020-05-06,351326548788.3111
2020-05-05,363774485294.11676
2020-05-04,897563865415.6007
2020-05-03,245295831882.0386
2020-05-02,335530889759.3735
2020-05-01,1008184085630.6158
2020-04-30,483538690824.0785
2020-04-29,858899059936.911
2020-04-28,1540667991050.2424
2020-04-27,213060759493.67087
2020-04-26,300556313301.82446
2020-04-25,502135335958.33826
2020-04-24,789360020754.0643
2020-04-23,965080244016.8938
2020-04-22,289949990320.7065
2020-04-21,280216994429.15686
2020-04-20,227153562323.89673
2020-04-19,259069007841.80133
2020-04-18,292967724077.87646
2020-04-17,1078237907842.0151
2020-04-16,285714236635.9756
2020-04-15,269500659739.4026
2020-04-14,198224559324.54453
2020-04-13,201826489472.8977
2020-04-12,212235225156.88528
2020-04-11,187608822429.90503
2020-04-10,369201002018.9932
2020-04-09,275634124870.54364
2020-04-08,1852118809844.67
2020-04-07,46199746264.449005
2020-04-06,45804520334.41955
2020-04-05,576858399605.8834
2020-04-04,397175540967.6643
2020-04-03,261047996918.33514
2020-04-02,259514621623.63242
2020-04-01,274690982237.74103
2020-03-31,307092281223.1174
2020-03-30,208382899361.59766
2020-03-29,228944529928.03546
2020-03-28,259037915046.36557
2020-03-27,205347324322.18808
2020-03-26,257341028194.9127
2020-03-25,182952287684.1116
2020-03-24,264812577445.93964
2020-03-23,182237918766.6766
2020-03-22,1242406627761.567
2020-03-21,202622863877.43173
2020-03-20,166449901213.66144
2020-03-19,1585411832207.0652
2020-03-18,13750186316.887762
2020-03-17,10340864901.106272
2020-03-16,88328354398.05946
2020-03-15,378306593555.375
2020-03-14,748062880475.1301
2020-03-13,431596702934.3883
2020-03-12,248634739327.4206
2020-03-11,301388467793.2564
2020-03-10,300654980729.319
2020-03-09,207188417266.187
2020-03-08,330425029515.93805
2020-03-07,308824205593.7916
2020-03-06,481919197345.55255
2020-03-05,223143904811.79358
2020-03-04,226627440948.23837
2020-03-03,250367207698.93658
2020-03-02,239825842696.62912
2020-03-01,191525478376.6733
2020-02-29,791182376309.1361
2020-02-28,812836728640.6707
2020-02-27,212126290941.28055
2020-02-26,155612744046.34198
2020-02-25,300162759140.5986
2020-02-24,212129053803.97696
2020-02-23,321337193080.3575
2020-02-22,244661663315.1397
2020-02-21,254673580541.6705
2020-02-20,202132218954.01254
2020-02-19,420681287403.29803
2020-02-18,218242610150.58566
2020-02-17,254181351161.15408
2020-02-16,206572160796.66022
2020-02-15,195139634574.84235
2020-02-14,239097812596.95923
2020-02-13,867033249813.7733
2020-02-12,833027347114.5565
2020-02-11,299890350260.2344
2020-02-10,178092824363.78806
2020-02-09,320096414826.8182
2020-02-08,282660008368.3956
2020-02-07,257117126319.37213
2020-02-06,180549705465.6623
2020-02-05,300162465394.1429
2020-02-04,313680746107.5996
2020-02-03,332467995900.49365
2020-02-02,167781565748.34592
2020-02-01,182219540135.8317
2020-01-31,290054120921.6018
2020-01-30,354788310762.6514
2020-01-29,346883009663.19525
2020-01-28,350042671614.1022
2020-01-27,182183527102.52356
2020-01-26,224403005574.85596
2020-01-25,1153479690815.3982
2020-01-24,80441712686.28485
2020-01-23,205360301592.6783
2020-01-22,996094398773.8601
2020-01-21,304192371621.2401
2020-01-20,244247673418.31863
2020-01-19,162021984827.3722
2020-01-18,430698218356.8341
2020-01-17,1716343519372.695
2020-01-16,444202659443.48627
2020-01-15,1130379742090.2673
2020-01-14,175424456244.99734
2020-01-13,171800273928.45642
2020-01-12,85603130408.60889
2020-01-11,144986349342.4821
2020-01-10,206388334442.22714
2020-01-09,274935335047.6472
2020-01-08,245123949869.16428
2020-01-07,878437331494.1383
2020-01-06,240331753879.96188
2020-01-05,190919227685.7304
2020-01-04,248796784914.87448
2020-01-03,207625619343.33148
2020-01-02,123211867030.2939
2020-01-01,257516166033.40637
2019-12-31,236249172129.48477
2019-12-30,203589623955.43127
2019-12-29,252999485000.6445
2019-12-28,164886091127.1
2019-12-27,163476912660.79868
2019-12-26,182007485226.52588
2019-12-25,145629282058.01294
2019-12-24,198042965924.2356
2019-12-23,219882544418.8261
2019-12-22,320620809326.00854
2019-12-21,305313710691.8234
2019-12-20,1054183789644.89
2019-12-19,217434010805.2479
2019-12-18,221799217731.42038
2019-12-17,168004952246.19647
2019-12-16,293350513196.4813
2019-12-15,143382732199.58966
2019-12-14,261459730082.7184
2019-12-13,193529838077.8273
2019-12-12,148905484460.6939
2019-12-11,169395540212.72635
2019-12-10,156009229251.7964
2019-12-09,483409698558.31903
2019-12-08,402735415617.13025
2019-12-07,248294320328.99854
2019-12-06,315629813271.4422
2019-12-05,317186907648.2271
2019-12-04,441994865637.5083
2019-12-03,295866622501.93243
2019-12-02,450772285251.2155
2019-12-01,345526230736.3022
2019-11-30,350262014690.4512
2019-11-29,269443625730.9941
2019-11-28,1026310638297.8723
2019-11-27,1059031253590.7166
2019-11-26,1179675656847.1338
2019-11-25,1060692084100.3794
2019-11-24,2330358742345.3105
2019-11-23,3521842090669.624
2019-11-22,4385361439214.9824
2019-11-21,3077256639349.3276
2019-11-20,3121273862263.3926
2019-11-19,2773569051221.0977
2019-11-18,828318166804.2952
2019-11-17,714871166448.2307
2019-11-16,694370593835.5349
2019-11-15,702688844157.2217
2019-11-14,1147911637931.0354
2019-11-13,703357312082.7063
2019-11-12,648956261000.7546
2019-11-11,544120538860.10364
2019-11-10,675856682577.5638
2019-11-09,527331665102.6996
2019-11-08,373842377260.9818
2019-11-07,544323550612.7059
2019-11-06,714560221746.743
2019-11-05,546550860134.6283
2019-11-04,1579186493951.8057
2019-11-03,1081105655042.4109
2019-11-02,822363901155.7416
2019-11-01,945538339059.7499
2019-10-31,1210999500349.7559
2019-10-30,816489477192.6475
2019-10-29,1006742159905.81
2019-10-28,1552795877233.1672
2019-10-27,1273280486379.047
2019-10-26,1318461416280.6104
2019-10-25,2424577687335.42
2019-10-24,3533342587251.2227
2019-10-23,4093292877621.0093
2019-10-22,3338098449467.59
2019-10-21,3550751381490.522
2019-10-20,3652121257114.566
2019-10-19,3640157377049.193
2019-10-18,3611777556304.945
2019-10-17,2669209094701.7114
2019-10-16,2674708380338.447
2019-10-15,1312885110767.6445
2019-10-14,1839394475580.469
2019-10-13,946142061734.0172
2019-10-12,1371652638723.906
2019-10-11,2743668732872.2466
2019-10-10,3876915150110.1147
2019-10-09,3224999509438.9165
2019-10-08,2683032649006.6514
2019-10-07,3431110228606.5615
2019-10-06,1612714937864.5657
2019-10-05,2971175606739.8306
2019-10-04,3537701371450.6475
2019-10-03,3047277940988.634
2019-10-02,3710865976181.8823
2019-10-01,1450675491501.5264
2019-09-30,530861447453.55286
2019-09-29,613281373606.6162
2019-09-28,602309858023.0387
2019-09-27,573368606557.3756
2019-09-26,488239633058.0984
2019-09-25,411974489795.9193
2019-09-24,2794367115165.336
2019-09-23,2686113091922.0103
2019-09-22,635672285224.1462
2019-09-21,1047706695717.7578
2019-09-20,1129824038547.3347
2019-09-19,887569200093.8279
2019-09-18,685105155611.4398
2019-09-17,2206515511734.823
2019-09-16,959670147420.1519
2019-09-15,2487730055817.942
2019-09-14,1650556177474.4043
2019-09-13,413915643792.7343
2019-09-12,1051832438078.1865
2019-09-11,342098278993.98663
2019-09-10,443173184357.542
2019-09-09,533522833017.409
2019-09-08,378679124579.1271
2019-09-07,268399287715.08148
2019-09-06,402200990799.7153
2019-09-05,322528397240.493
2019-09-04,539985141686.1867
2019-09-03,399937692726.284
2019-09-02,441439146673.6072
2019-09-01,348882460973.37006
2019-08-31,356298441181.79944
2019-08-30,529401776836.6784
2019-08-29,392429756726.2774
2019-08-28,445569043201.6935
2019-08-27,593321367604.2675
2019-08-26,1338031047710.3806
2019-08-25,575762638137.7849
2019-08-24,554825801508.0052
2019-08-23,524573166648.0635
2019-08-22,688827933313.9463
2019-08-21,841112352336.9286
2019-08-20,725150189895.2699
2019-08-19,412032136620.4727
2019-08-18,906586740083.7233
2019-08-17,471511379928.31525
2019-08-16,494424831235.17615
2019-08-15,552694108174.1969
2019-08-14,564131156269.4111
2019-08-13,715887516142.9183
2019-08-12,2484540229885.058
2019-08-11,2218778736089.0303
2019-08-10,1431299243348.792
2019-08-09,1384109181141.439
2019-08-08,2018411000415.1099
2019-08-07,8111067943456.455
2019-08-06,713403584851.1134
2019-08-05,1166772368421.0493
2019-08-04,2164894624376.5652
2019-08-03,1892714285714.285
2019-08-02,2830916605166.0527
2019-08-01,2085976687116.5652
2019-07-31,3381732615124.6313
2019-07-30,2011673167662.7866
2019-07-29,6107408502772.644
2019-07-28,5172652624756.964
2019-07-27,2489938235559.782
2019-07-26,3982776774193.5483
2019-07-25,2577844057927.7407
2019-07-24,3899864019253.9106
2019-07-23,1614443992405.7495
2019-07-22,2445536817168.3384
2019-07-21,2069756521739.1304
2019-07-20,4888787530266.342
2019-07-19,2500112685370.742
2019-07-18,5082075772681.959
2019-07-17,3262509840951.2075
2019-07-16,1998321005489.7373
2019-07-15,2490809570586.598
2019-07-14,9313808547547.074
2019-07-13,2943829595106.313
2019-07-12,2637362374020.155
2019-07-11,4382542843814.1475
2019-07-10,580050420168.0668
2019-07-09,372185630341.8805
2019-07-08,811599746675.1108
2019-07-07,786848760041.9141
2019-07-06,673723006644.5183
2019-07-05,330079281974.56995
2019-07-04,701015680323.7225
2019-07-03,772607447285.7783
2019-07-02,392160173273.8252
2019-07-01,701075969485.0604
2019-06-30,597405148514.8514
2019-06-29,837241592920.3539
2019-06-28,1144757604373.7576
2019-06-27,1137174492753.623
2019-06-26,949669690334.6885
2019-06-25,1281296898986.802
2019-06-24,1457279715539.6318
2019-06-23,611266350389.6979
2019-06-22,912987500000.0005
2019-06-21,410848383962263.1
2019-06-20,805078487991.647
2019-06-19,1318298907766.9897
2019-06-18,402272395622.2131
2019-06-17,1266711586901.7634
2019-06-16,167152956167.1763
2019-06-15,129683684210.52634
2019-06-14,98844959558.09824
2019-06-13,163249999999.9999
2019-06-12,299044623065.402
2019-06-11,301351836899.4751
2019-06-10,482877000842.45996
2019-06-09,314324461269.6565
2019-06-08,339165579710.1449
2019-06-07,135837247191.01125
2019-06-06,291555738498.7893
2019-06-05,1017341040.4624293
2019-06-04,1133966101.6949148
2019-06-03,1264746227.7091908
2019-06-02,1025714285.7142867
2019-06-01,1052427184.4660192
2019-05-31,1010497667.1850699
2019-05-30,1030677966.1016954
2019-05-29,1024691358.0246912
2019-05-28,1051794071.762871
2019-05-27,1046301524.5623931
2019-05-26,2483636363.636362
2019-05-25,1055900621.1180121
2019-05-24,1058968058.9680599
2019-05-23,1012277413.308341
2019-05-22,1016561514.1955838
2019-05-21,1017368421.0526307
2019-05-20,2592933947.772658
2019-05-19,1056504599.2115632
2019-05-18,1049309912.1706406
2019-05-17,1021254536.0290315
2019-05-16,1727773949.000689
2019-05-15,1062077012.8354722
2019-05-14,1062252964.4268765
2019-05-13,1992644320.2979527
2019-05-12,1075974025.9740274
2019-05-11,1023764617.125611
2019-05-10,1020787746.1706789
2019-05-09,1008641975.3086419
2019-05-08,1021390374.3315512
2019-05-07,1007163323.7822354
2019-05-06,1003802281.3688211
2019-05-05,1005006257.8222785
2019-05-04,1006578947.3684216
2019-05-03,1005322687.9574181
2019-05-02,4879377431.906616
2019-05-01,1011406844.1064639
2019-04-30,1013178294.5736436
2019-04-29,1023404255.3191491
2019-04-28,1134259259.25926
2019-04-27,1013333333.3333333
2019-04-26,1007364244.655257
2019-04-25,1011331444.7592069
2019-04-24,1036789297.6588635
2019-04-23,1055555555.555556
2019-04-22,1195345557.1227088
2019-04-21,1155339805.8252409
2019-04-20,1093147751.6059976
2019-04-19,150055415617.12875
2019-04-18,4246615087.0406213
2019-04-17,1082083662.194162
2019-04-16,1200348432.0557504
2019-04-15,1020710434.5068189
2019-04-14,1086639676.1133611
2019-04-13,1176136363.6363645
2019-04-12,1029710711.4933542
2019-04-11,1079545454.5454543
2019-04-10,1209876543.2098758
2019-04-09,1048829431.4381263
2019-04-08,1099159663.865548
2019-04-07,1151419558.3596215
2019-04-06,1042801556.420234
2019-04-05,1094182825.484766
2019-04-04,1011876484.5605719
2019-04-03,1474894988066.8284
2019-04-02,7561462728.551349
